-- phpMyAdmin SQL Dump
-- version 4.9.5
-- https://www.phpmyadmin.net/
--
-- Host: localhost
-- Generation Time: May 07, 2020 at 05:41 PM
-- Server version: 10.3.16-MariaDB
-- PHP Version: 7.3.12

SET SQL_MODE = "NO_AUTO_VALUE_ON_ZERO";
SET AUTOCOMMIT = 0;
START TRANSACTION;
SET time_zone = "+00:00";


/*!40101 SET @OLD_CHARACTER_SET_CLIENT=@@CHARACTER_SET_CLIENT */;
/*!40101 SET @OLD_CHARACTER_SET_RESULTS=@@CHARACTER_SET_RESULTS */;
/*!40101 SET @OLD_COLLATION_CONNECTION=@@COLLATION_CONNECTION */;
/*!40101 SET NAMES utf8mb4 */;

--
-- Database: `id13007001_banksoal`
--

-- --------------------------------------------------------

--
-- Table structure for table `log`
--

CREATE TABLE `log` (
  `id_log` int(11) NOT NULL,
  `ip` varchar(50) NOT NULL,
  `info` text NOT NULL,
  `access` timestamp NOT NULL DEFAULT current_timestamp()
) ENGINE=InnoDB DEFAULT CHARSET=utf8mb4;

--
-- Dumping data for table `log`
--

INSERT INTO `log` (`id_log`, `ip`, `info`, `access`) VALUES
(1, '180.242.213.212', 'Chrome - Windows 10 - Computer', '2020-03-22 17:03:43'),
(2, '180.242.213.212', 'Chrome - Windows 10 - Computer', '2020-03-22 17:03:54'),
(3, '35.227.62.178', 'Unknown Browser - Unknown OS Platform - Computer', '2020-03-22 17:04:08'),
(4, '103.226.232.55', 'Edge - Windows 10 - Computer', '2020-03-22 17:04:39'),
(5, '180.254.84.107', 'Chrome - Windows 10 - Computer', '2020-03-22 17:04:41'),
(6, '180.254.84.107', 'Chrome - Windows 10 - Computer', '2020-03-22 17:04:59'),
(7, '36.75.65.93', 'Chrome - Windows 10 - Computer', '2020-03-22 17:07:01'),
(8, '180.242.213.212', 'Chrome - Windows 10 - Computer', '2020-03-22 17:07:05'),
(9, '36.77.93.220', 'Handheld Browser - Android - Mobile', '2020-03-22 17:07:16'),
(10, '182.253.163.108', 'Edge - Windows 10 - Computer', '2020-03-22 17:07:32'),
(11, '180.242.213.212', 'Edge - Windows 10 - Computer', '2020-03-22 17:10:07'),
(12, '180.242.213.212', 'Chrome - Windows 10 - Computer', '2020-03-22 17:10:20'),
(13, '180.242.213.212', 'Chrome - Windows 10 - Computer', '2020-03-22 17:10:27'),
(14, '180.242.213.212', 'Chrome - Windows 10 - Computer', '2020-03-22 17:11:04'),
(15, '180.242.213.212', 'Chrome - Windows 10 - Computer', '2020-03-22 17:11:12'),
(16, '103.226.232.55', 'Edge - Windows 10 - Computer', '2020-03-22 17:11:27'),
(17, '180.242.213.212', 'Chrome - Windows 10 - Computer', '2020-03-22 17:13:06'),
(18, '180.242.213.212', 'Chrome - Windows 10 - Computer', '2020-03-22 17:14:33'),
(19, '36.74.252.217', 'Handheld Browser - Android - Mobile', '2020-03-22 17:15:08'),
(20, '114.125.22.189', 'Handheld Browser - Android - Mobile', '2020-03-22 17:15:14'),
(21, '180.242.213.212', 'Handheld Browser - Android - Mobile', '2020-03-22 17:23:29'),
(22, '38.145.95.138', 'Handheld Browser - iPhone - Mobile', '2020-03-22 17:23:42'),
(23, '115.178.251.161', 'Handheld Browser - iPhone - Mobile', '2020-03-22 17:52:54'),
(24, '103.44.37.174', 'Handheld Browser - iPhone - Mobile', '2020-03-22 19:40:21'),
(25, '34.207.207.255', 'Handheld Browser - iPhone - Mobile', '2020-03-22 20:20:05'),
(26, '3.86.151.69', 'Handheld Browser - iPhone - Mobile', '2020-03-22 20:22:35'),
(27, '125.160.95.185', 'Handheld Browser - Android - Mobile', '2020-03-22 21:52:33'),
(28, '36.85.145.99', 'Handheld Browser - Android - Mobile', '2020-03-22 22:33:50'),
(29, '114.125.111.78', 'Handheld Browser - Android - Mobile', '2020-03-23 00:04:22'),
(30, '36.81.54.9', 'Handheld Browser - Android - Mobile', '2020-03-23 00:14:57'),
(31, '125.163.158.197', 'Firefox - Windows 10 - Computer', '2020-03-23 00:19:49'),
(32, '114.142.171.25', 'Handheld Browser - Android - Mobile', '2020-03-23 00:28:03'),
(33, '114.142.171.25', 'Handheld Browser - Android - Mobile', '2020-03-23 00:29:33'),
(34, '180.242.213.212', 'Handheld Browser - Android - Mobile', '2020-03-23 00:45:16'),
(35, '114.125.44.207', 'Handheld Browser - Android - Mobile', '2020-03-23 01:12:35'),
(36, '114.125.62.231', 'Handheld Browser - Android - Mobile', '2020-03-23 01:28:34'),
(37, '36.68.65.131', 'Chrome - Windows 10 - Computer', '2020-03-23 01:40:07'),
(38, '103.226.232.55', 'Edge - Windows 10 - Computer', '2020-03-23 01:42:25'),
(39, '35.196.132.85', 'Unknown Browser - Unknown OS Platform - Computer', '2020-03-23 01:48:54'),
(40, '180.254.87.163', 'Chrome - Windows 10 - Computer', '2020-03-23 01:49:01'),
(41, '182.1.206.91', 'Edge - Windows 10 - Computer', '2020-03-23 01:49:05'),
(42, '180.254.62.104', 'Chrome - Windows 10 - Computer', '2020-03-23 01:49:07'),
(43, '180.242.213.212', 'Chrome - Windows 10 - Computer', '2020-03-23 01:49:08'),
(44, '180.178.94.72', 'Chrome - Windows 10 - Computer', '2020-03-23 01:49:12'),
(45, '110.139.181.134', 'Handheld Browser - Android - Mobile', '2020-03-23 01:51:51'),
(46, '180.254.62.104', 'Chrome - Windows 10 - Computer', '2020-03-23 01:58:56'),
(47, '36.75.65.93', 'Chrome - Windows 10 - Computer', '2020-03-23 02:04:11'),
(48, '36.81.54.9', 'Handheld Browser - Android - Mobile', '2020-03-23 02:11:56'),
(49, '103.226.232.55', 'Edge - Windows 10 - Computer', '2020-03-23 02:13:22'),
(50, '114.125.62.231', 'Handheld Browser - Android - Mobile', '2020-03-23 02:16:46'),
(51, '180.254.62.104', 'Chrome - Windows 10 - Computer', '2020-03-23 02:19:32'),
(52, '180.254.62.104', 'Chrome - Windows 10 - Computer', '2020-03-23 02:19:39'),
(53, '182.1.52.98', 'Edge - Windows 10 - Computer', '2020-03-23 02:41:41'),
(54, '110.137.103.9', 'Edge - Windows 10 - Computer', '2020-03-23 02:49:34'),
(55, '180.242.213.212', 'Chrome - Windows 10 - Computer', '2020-03-23 02:53:33'),
(56, '36.85.145.99', 'Chrome - Windows 10 - Computer', '2020-03-23 02:54:48'),
(57, '180.242.213.212', 'Chrome - Windows 10 - Computer', '2020-03-23 03:06:23'),
(58, '36.77.93.220', 'Handheld Browser - Android - Mobile', '2020-03-23 03:08:24'),
(59, '114.122.136.86', 'Chrome - Windows 10 - Computer', '2020-03-23 03:14:00'),
(60, '180.242.213.212', 'Chrome - Windows 10 - Computer', '2020-03-23 04:01:06'),
(61, '35.227.62.178', 'Unknown Browser - Unknown OS Platform - Computer', '2020-03-23 04:01:20'),
(62, '182.1.98.214', 'Chrome - Windows 10 - Computer', '2020-03-23 04:01:28'),
(63, '180.254.106.12', 'Chrome - Windows 10 - Computer', '2020-03-23 04:02:02'),
(64, '180.254.106.12', 'Chrome - Windows 10 - Computer', '2020-03-23 04:02:03'),
(65, '36.77.93.220', 'Handheld Browser - Android - Mobile', '2020-03-23 04:02:13'),
(66, '184.72.65.69', 'Handheld Browser - iPhone - Mobile', '2020-03-23 04:12:59'),
(67, '54.172.147.229', 'Handheld Browser - iPhone - Mobile', '2020-03-23 04:12:59'),
(68, '36.77.92.81', 'Handheld Browser - Android - Mobile', '2020-03-23 04:42:33'),
(69, '202.67.35.11', 'Handheld Browser - Android - Mobile', '2020-03-23 04:52:19'),
(70, '114.125.109.7', 'Handheld Browser - Android - Mobile', '2020-03-23 05:14:09'),
(71, '114.125.109.7', 'Handheld Browser - Android - Mobile', '2020-03-23 05:14:19'),
(72, '36.72.215.250', 'Handheld Browser - Android - Mobile', '2020-03-23 05:20:31'),
(73, '36.72.215.250', 'Handheld Browser - Android - Mobile', '2020-03-23 05:20:52'),
(74, '182.253.163.111', 'Handheld Browser - Android - Mobile', '2020-03-23 05:23:47'),
(75, '182.253.163.111', 'Unknown Browser - Unknown OS Platform - Computer', '2020-03-23 05:27:33'),
(76, '36.72.215.250', 'Chrome - Windows 10 - Computer', '2020-03-23 05:37:53'),
(77, '180.242.213.212', 'Chrome - Windows 10 - Computer', '2020-03-23 05:41:41'),
(78, '182.253.163.111', 'Chrome - Windows 10 - Computer', '2020-03-23 05:49:36'),
(79, '180.242.213.212', 'Chrome - Windows 10 - Computer - ', '2020-03-23 06:30:59'),
(80, '180.242.213.212', 'Chrome - Windows 10 - Computer - ', '2020-03-23 06:31:01'),
(81, '180.242.213.212', 'Chrome - Windows 10 - Computer - ', '2020-03-23 06:31:38'),
(82, '182.253.163.104', 'Firefox - Windows 10 - Computer - ', '2020-03-23 06:35:03'),
(83, '182.253.163.104', 'Firefox - Windows 10 - Computer - ', '2020-03-23 06:35:09'),
(84, '182.253.163.104', 'Firefox - Windows 10 - Computer - ', '2020-03-23 06:35:12'),
(85, '182.253.163.104', 'Firefox - Windows 10 - Computer - ', '2020-03-23 06:35:14'),
(86, '182.253.163.104', 'Firefox - Windows 10 - Computer - ', '2020-03-23 06:35:15'),
(87, '182.253.163.104', 'Firefox - Windows 10 - Computer - ', '2020-03-23 06:35:17'),
(88, '182.253.163.104', 'Firefox - Windows 10 - Computer - ', '2020-03-23 06:35:20'),
(89, '180.242.213.212', 'Chrome - Windows 10 - Computer - -', '2020-03-23 06:37:36'),
(90, '180.242.213.212', 'Chrome - Windows 10 - Computer - -', '2020-03-23 06:38:28'),
(91, '182.253.163.104', 'Firefox - Windows 10 - Computer - -', '2020-03-23 06:40:44'),
(92, '36.72.215.250', 'Chrome - Windows 10 - Computer - -', '2020-03-23 06:47:16'),
(93, '36.72.215.250', 'Chrome - Windows 10 - Computer - -', '2020-03-23 06:47:27'),
(94, '36.72.215.250', 'Chrome - Windows 10 - Computer - -', '2020-03-23 06:47:30'),
(95, '36.72.215.250', 'Chrome - Windows 10 - Computer - -', '2020-03-23 06:47:33'),
(96, '182.1.116.56', 'Unknown Browser - Unknown OS Platform - Computer - -', '2020-03-23 08:18:11'),
(97, '36.73.40.46', 'Handheld Browser - Android - Mobile - -', '2020-03-23 08:18:30'),
(98, '36.73.40.46', 'Handheld Browser - Android - Mobile - -', '2020-03-23 08:19:28'),
(99, '36.73.40.46', 'Handheld Browser - Android - Mobile - -', '2020-03-23 08:20:09'),
(100, '36.73.40.46', 'Handheld Browser - Android - Mobile - -', '2020-03-23 08:20:22'),
(101, '36.73.40.46', 'Handheld Browser - Android - Mobile - -', '2020-03-23 08:24:30'),
(102, '36.73.40.46', 'Handheld Browser - Android - Mobile - -', '2020-03-23 08:24:37'),
(103, '36.73.40.46', 'Handheld Browser - Android - Mobile - -', '2020-03-23 08:24:45'),
(104, '36.73.40.46', 'Handheld Browser - Android - Mobile - -', '2020-03-23 08:24:49'),
(105, '36.73.40.46', 'Handheld Browser - Android - Mobile - -', '2020-03-23 08:24:53'),
(106, '182.1.119.171', 'Handheld Browser - iPhone - Mobile - -', '2020-03-23 08:33:03'),
(107, '182.1.47.201', 'Handheld Browser - Android - Mobile - -', '2020-03-23 09:00:25'),
(108, '180.242.212.157', 'Handheld Browser - Android - Mobile - -', '2020-03-23 11:14:33'),
(109, '104.200.132.234', 'Handheld Browser - Android - Mobile - -', '2020-03-23 11:37:50'),
(110, '3.80.75.6', 'Handheld Browser - iPhone - Mobile - -', '2020-03-23 12:05:57'),
(111, '23.20.66.62', 'Handheld Browser - iPhone - Mobile - -', '2020-03-23 12:05:57'),
(112, '115.178.255.187', 'Handheld Browser - iPhone - Mobile - -', '2020-03-23 12:51:35'),
(113, '45.64.99.74', 'Chrome - Windows 10 - Computer - -', '2020-03-23 15:57:45'),
(114, '54.226.161.122', 'Handheld Browser - iPhone - Mobile - -', '2020-03-23 17:59:41'),
(115, '54.86.145.199', 'Handheld Browser - iPhone - Mobile - -', '2020-03-23 18:00:50'),
(116, '172.98.66.6', 'Handheld Browser - Android - Mobile - -', '2020-03-24 11:25:31'),
(117, '180.242.212.157', 'Chrome - Windows 10 - Computer - ', '2020-03-24 17:04:06'),
(118, '180.242.212.157', 'Chrome - Windows 10 - Computer - ', '2020-03-24 17:05:05'),
(119, '180.242.212.157', 'Chrome - Windows 10 - Computer - -', '2020-03-24 17:09:10'),
(120, '180.242.212.157', 'Chrome - Windows 10 - Computer - ', '2020-03-24 17:09:40'),
(121, '180.242.212.157', 'Chrome - Windows 10 - Computer - -', '2020-03-24 17:11:29'),
(122, '180.242.212.157', 'Chrome - Windows 10 - Computer - -', '2020-03-24 17:12:05'),
(123, '180.242.212.157', 'Chrome - Windows 10 - Computer - -', '2020-03-24 17:12:37'),
(124, '180.242.212.157', 'Chrome - Windows 10 - Computer - ', '2020-03-24 17:12:43'),
(125, '180.242.212.157', 'Chrome - Windows 10 - Computer - -', '2020-03-24 17:13:01'),
(126, '180.242.212.157', 'Chrome - Windows 10 - Computer - ', '2020-03-24 17:13:05'),
(127, '125.163.233.247', 'Handheld Browser - Android - Mobile - ', '2020-03-24 17:13:53'),
(128, '125.163.233.247', 'Handheld Browser - Android - Mobile - -', '2020-03-24 17:14:20'),
(129, '125.163.233.247', 'Handheld Browser - Android - Mobile - -', '2020-03-24 17:14:43'),
(130, '180.242.212.157', 'Chrome - Windows 10 - Computer - ', '2020-03-24 17:15:22'),
(131, '180.242.212.157', 'Chrome - Windows 10 - Computer - -', '2020-03-24 17:16:25'),
(132, '180.242.212.157', 'Chrome - Windows 10 - Computer - ', '2020-03-24 17:16:29'),
(133, '180.242.212.157', 'Chrome - Windows 10 - Computer - -', '2020-03-24 17:17:27'),
(134, '180.242.212.157', 'Chrome - Windows 10 - Computer - ', '2020-03-24 17:17:40'),
(135, '182.253.163.105', 'Edge - Windows 10 - Computer - ', '2020-03-24 17:18:44'),
(136, '182.253.163.105', 'Edge - Windows 10 - Computer - -', '2020-03-24 17:18:56'),
(137, '180.242.212.157', 'Chrome - Windows 10 - Computer - ', '2020-03-24 17:20:07'),
(138, '180.242.212.157', 'Chrome - Windows 10 - Computer - ', '2020-03-24 17:23:15'),
(139, '180.242.212.157', 'Chrome - Windows 10 - Computer - ', '2020-03-24 17:23:31'),
(140, '180.242.212.157', 'Chrome - Windows 10 - Computer - ', '2020-03-24 17:24:59'),
(141, '125.163.230.237', 'Firefox - Windows 10 - Computer - ', '2020-03-24 17:26:14'),
(142, '125.163.230.237', 'Firefox - Windows 10 - Computer - -', '2020-03-24 17:26:22'),
(143, '125.163.230.237', 'Firefox - Windows 10 - Computer - -', '2020-03-24 17:26:46'),
(144, '125.163.230.237', 'Firefox - Windows 10 - Computer - -', '2020-03-24 17:26:57'),
(145, '180.242.212.157', 'Chrome - Windows 10 - Computer - ', '2020-03-24 17:27:17'),
(146, '36.65.89.72', 'Handheld Browser - Android - Mobile - ', '2020-03-24 17:27:22'),
(147, '125.163.230.237', 'Firefox - Windows 10 - Computer - ', '2020-03-24 17:27:29'),
(148, '180.242.212.157', 'Chrome - Windows 10 - Computer - ', '2020-03-24 17:27:47'),
(149, '125.163.230.237', 'Firefox - Windows 10 - Computer - -', '2020-03-24 17:29:03'),
(150, '125.163.230.237', 'Firefox - Windows 10 - Computer - -', '2020-03-24 17:29:05'),
(151, '125.163.230.237', 'Firefox - Windows 10 - Computer - -', '2020-03-24 17:29:11'),
(152, '125.163.230.237', 'Firefox - Windows 10 - Computer - ', '2020-03-24 17:29:14'),
(153, '180.242.212.157', 'Chrome - Windows 10 - Computer - -', '2020-03-24 17:33:04'),
(154, '180.242.212.157', 'Chrome - Windows 10 - Computer - ', '2020-03-24 17:33:47'),
(155, '182.253.163.105', 'Edge - Windows 10 - Computer - -', '2020-03-24 17:37:18'),
(156, '180.242.212.157', 'Chrome - Windows 10 - Computer - -', '2020-03-24 17:38:37'),
(157, '125.163.230.237', 'Firefox - Windows 10 - Computer - -', '2020-03-24 17:39:01'),
(158, '180.242.212.157', 'Chrome - Windows 10 - Computer - -', '2020-03-24 17:39:54'),
(159, '36.81.4.88', 'Handheld Browser - Android - Mobile - -', '2020-03-24 17:40:13'),
(160, '36.81.4.88', 'Handheld Browser - Android - Mobile - -', '2020-03-24 17:40:43'),
(161, '36.65.128.28', 'Handheld Browser - Android - Mobile - ', '2020-03-24 17:40:47'),
(162, '36.81.4.88', 'Handheld Browser - Android - Mobile - -', '2020-03-24 17:41:29'),
(163, '36.81.4.88', 'Handheld Browser - Android - Mobile - -', '2020-03-24 17:41:37'),
(164, '180.242.212.157', 'Chrome - Windows 10 - Computer - -', '2020-03-24 17:41:42'),
(165, '36.81.4.88', 'Handheld Browser - Android - Mobile - -', '2020-03-24 17:41:44'),
(166, '36.81.4.88', 'Handheld Browser - Android - Mobile - -', '2020-03-24 17:41:48'),
(167, '180.242.212.157', 'Chrome - Windows 10 - Computer - -', '2020-03-24 17:42:13'),
(168, '36.65.93.181', 'Handheld Browser - Android - Mobile - ', '2020-03-24 17:42:29'),
(169, '36.65.93.181', 'Handheld Browser - Android - Mobile - -', '2020-03-24 17:42:51'),
(170, '36.65.93.181', 'Handheld Browser - Android - Mobile - -', '2020-03-24 17:43:16'),
(171, '36.65.93.181', 'Handheld Browser - Android - Mobile - -', '2020-03-24 17:43:28'),
(172, '180.242.212.157', 'Chrome - Windows 10 - Computer - -', '2020-03-24 17:44:59'),
(173, '180.242.212.157', 'Chrome - Windows 10 - Computer - -', '2020-03-24 17:45:05'),
(174, '180.242.212.157', 'Chrome - Windows 10 - Computer - -', '2020-03-24 17:47:16'),
(175, '180.242.212.157', 'Chrome - Windows 10 - Computer - -', '2020-03-24 17:47:55'),
(176, '180.242.212.157', 'Chrome - Windows 10 - Computer - -', '2020-03-24 17:47:57'),
(177, '180.242.212.157', 'Chrome - Windows 10 - Computer - -', '2020-03-24 17:48:42'),
(178, '180.242.212.157', 'Chrome - Windows 10 - Computer - -', '2020-03-24 17:51:00'),
(179, '180.242.212.157', 'Chrome - Windows 10 - Computer - -', '2020-03-24 17:51:34'),
(180, '180.242.212.157', 'Firefox - Windows 10 - Computer - ', '2020-03-24 17:53:47'),
(181, '114.122.135.82', 'Handheld Browser - Android - Mobile - ', '2020-03-24 17:55:21'),
(182, '114.122.135.82', 'Handheld Browser - Android - Mobile - ', '2020-03-24 17:55:44'),
(183, '180.242.212.157', 'Chrome - Windows 10 - Computer - -', '2020-03-24 17:56:41'),
(184, '180.242.212.157', 'Chrome - Windows 10 - Computer - ', '2020-03-24 17:56:43'),
(185, '180.242.212.157', 'Chrome - Windows 10 - Computer - ', '2020-03-24 17:57:45'),
(186, '180.242.212.157', 'Chrome - Windows 10 - Computer - ', '2020-03-24 17:59:57'),
(187, '180.242.212.157', 'Chrome - Windows 10 - Computer - ', '2020-03-24 18:00:04'),
(188, '180.242.212.157', 'Chrome - Windows 10 - Computer - ', '2020-03-24 18:00:13'),
(189, '180.242.212.157', 'Chrome - Windows 10 - Computer - ', '2020-03-24 18:00:18'),
(190, '180.242.212.157', 'Chrome - Windows 10 - Computer - ', '2020-03-24 18:00:24'),
(191, '180.242.212.157', 'Chrome - Windows 10 - Computer - -', '2020-03-24 18:01:51'),
(192, '180.242.212.157', 'Chrome - Windows 10 - Computer - ', '2020-03-24 18:02:00'),
(193, '180.242.212.157', 'Chrome - Windows 10 - Computer - ', '2020-03-24 18:02:04'),
(194, '180.242.212.157', 'Chrome - Windows 10 - Computer - -', '2020-03-24 18:02:16'),
(195, '180.242.212.157', 'Chrome - Windows 10 - Computer - ', '2020-03-24 18:02:44'),
(196, '125.163.230.237', 'Firefox - Windows 10 - Computer - ', '2020-03-24 18:08:08'),
(197, '180.242.212.157', 'Chrome - Windows 10 - Computer - ', '2020-03-24 18:09:16'),
(198, '180.242.212.157', 'Chrome - Windows 10 - Computer - ', '2020-03-24 18:09:30'),
(199, '180.242.212.157', 'Chrome - Windows 10 - Computer - -', '2020-03-24 18:09:46'),
(200, '180.242.212.157', 'Chrome - Windows 10 - Computer - ', '2020-03-24 18:09:50'),
(201, '180.242.212.157', 'Chrome - Windows 10 - Computer - ', '2020-03-24 18:11:06'),
(202, '180.242.212.157', 'Chrome - Windows 10 - Computer - ', '2020-03-24 18:11:10'),
(203, '180.242.212.157', 'Chrome - Windows 10 - Computer - ', '2020-03-24 18:11:12'),
(204, '180.242.212.157', 'Chrome - Windows 10 - Computer - ', '2020-03-24 18:11:18'),
(205, '180.242.212.157', 'Chrome - Windows 10 - Computer - ', '2020-03-24 18:11:21'),
(206, '125.163.230.237', 'Firefox - Windows 10 - Computer - ', '2020-03-24 18:14:01'),
(207, '182.1.81.147', 'Chrome - Windows 10 - Computer - ', '2020-03-24 18:14:52'),
(208, '182.1.81.147', 'Chrome - Windows 10 - Computer - ', '2020-03-24 18:16:28'),
(209, '180.242.212.157', 'Chrome - Windows 10 - Computer - ', '2020-03-24 18:19:31'),
(210, '180.242.212.157', 'Chrome - Windows 10 - Computer - ', '2020-03-24 18:20:17'),
(211, '180.242.212.157', 'Chrome - Windows 10 - Computer - ', '2020-03-24 18:21:16'),
(212, '180.242.212.157', 'Chrome - Windows 10 - Computer - ', '2020-03-24 18:22:29'),
(213, '180.242.212.157', 'Chrome - Windows 10 - Computer - -', '2020-03-24 18:41:38'),
(214, '180.242.212.157', 'Chrome - Windows 10 - Computer - ', '2020-03-24 18:41:40'),
(215, '180.242.212.157', 'Chrome - Windows 10 - Computer - ', '2020-03-24 18:45:04'),
(216, '180.242.212.157', 'Chrome - Windows 10 - Computer - ', '2020-03-24 18:45:56'),
(217, '180.242.212.157', 'Chrome - Windows 10 - Computer - ', '2020-03-24 18:46:11'),
(218, '180.242.212.157', 'Chrome - Windows 10 - Computer - ', '2020-03-24 18:48:33'),
(219, '180.242.212.157', 'Chrome - Windows 10 - Computer - ', '2020-03-24 18:48:36'),
(220, '180.242.212.157', 'Chrome - Windows 10 - Computer - ', '2020-03-24 18:49:13'),
(221, '180.242.212.157', 'Chrome - Windows 10 - Computer - ', '2020-03-24 18:49:19'),
(222, '180.242.212.157', 'Chrome - Windows 10 - Computer - ', '2020-03-24 18:49:22'),
(223, '180.242.212.157', 'Chrome - Windows 10 - Computer - ', '2020-03-24 18:51:39'),
(224, '180.242.212.157', 'Handheld Browser - iPhone - Mobile - ', '2020-03-24 18:52:15'),
(225, '125.160.95.158', 'Handheld Browser - Android - Mobile - ', '2020-03-24 18:56:01'),
(226, '180.242.212.157', 'Chrome - Windows 10 - Computer - -', '2020-03-24 22:24:25'),
(227, '180.242.212.157', 'Chrome - Windows 10 - Computer - ', '2020-03-24 22:24:29'),
(228, '180.242.212.157', 'Chrome - Windows 10 - Computer - ', '2020-03-24 22:25:29'),
(229, '180.242.212.157', 'Chrome - Windows 10 - Computer - ', '2020-03-24 22:30:37'),
(230, '36.65.235.22', 'Handheld Browser - Android - Mobile - -', '2020-03-24 23:16:17'),
(231, '180.242.212.157', 'Chrome - Windows 10 - Computer - ', '2020-03-24 23:23:34'),
(232, '180.242.212.157', 'Chrome - Windows 10 - Computer - ', '2020-03-24 23:23:40'),
(233, '180.242.212.157', 'Chrome - Windows 10 - Computer - ', '2020-03-24 23:24:51'),
(234, '180.242.212.157', 'Chrome - Windows 10 - Computer - ', '2020-03-24 23:25:01'),
(235, '180.242.212.157', 'Chrome - Windows 10 - Computer - ', '2020-03-24 23:25:46'),
(236, '180.242.212.157', 'Chrome - Windows 10 - Computer - ', '2020-03-24 23:25:50'),
(237, '180.242.212.157', 'Chrome - Windows 10 - Computer - ', '2020-03-24 23:26:58'),
(238, '180.242.212.157', 'Chrome - Windows 10 - Computer - ', '2020-03-24 23:28:58'),
(239, '180.242.212.157', 'Chrome - Windows 10 - Computer - ', '2020-03-24 23:29:55'),
(240, '180.242.212.157', 'Handheld Browser - Android - Mobile - ', '2020-03-24 23:33:31'),
(241, '180.242.212.157', 'Handheld Browser - Android - Mobile - ', '2020-03-24 23:33:45'),
(242, '180.242.212.157', 'Handheld Browser - Android - Mobile - ', '2020-03-24 23:45:04'),
(243, '180.242.212.157', 'Handheld Browser - Android - Mobile - ', '2020-03-24 23:45:12'),
(244, '180.242.212.157', 'Handheld Browser - Android - Mobile - ', '2020-03-24 23:45:47'),
(245, '180.242.212.157', 'Handheld Browser - Android - Mobile - ', '2020-03-24 23:45:52'),
(246, '10.115.91.215, 147.92.137.136', 'Unknown Browser - Unknown OS Platform - Computer - ', '2020-03-24 23:46:23'),
(247, '10.115.91.215, 147.92.137.183', 'Unknown Browser - Unknown OS Platform - Computer - ', '2020-03-24 23:46:25'),
(248, '180.249.253.154', 'Handheld Browser - Android - Mobile - ', '2020-03-25 00:44:19'),
(249, '180.249.253.154', 'Handheld Browser - Android - Mobile - ', '2020-03-25 00:44:54'),
(250, '180.249.253.154', 'Handheld Browser - Android - Mobile - ', '2020-03-25 01:14:45'),
(251, '180.249.253.154', 'Handheld Browser - Android - Mobile - ', '2020-03-25 01:14:52'),
(252, '180.249.253.154', 'Handheld Browser - Android - Mobile - ', '2020-03-25 01:21:57'),
(253, '125.163.230.237', 'Firefox - Windows 10 - Computer - ', '2020-03-25 01:26:29'),
(254, '125.163.230.237', 'Firefox - Windows 10 - Computer - ', '2020-03-25 01:26:33'),
(255, '125.163.230.237', 'Firefox - Windows 10 - Computer - ', '2020-03-25 01:26:36'),
(256, '10.115.91.212, 147.92.137.171', 'Unknown Browser - Unknown OS Platform - Computer - ', '2020-03-25 01:26:37'),
(257, '10.115.91.212, 147.92.137.179', 'Unknown Browser - Unknown OS Platform - Computer - ', '2020-03-25 01:26:38'),
(258, '125.163.230.237', 'Firefox - Windows 10 - Computer - ', '2020-03-25 01:26:38'),
(259, '125.163.230.237', 'Firefox - Windows 10 - Computer - ', '2020-03-25 01:26:42'),
(260, '125.163.230.237', 'Firefox - Windows 10 - Computer - ', '2020-03-25 01:28:21'),
(261, '125.163.230.237', 'Firefox - Windows 10 - Computer - ', '2020-03-25 01:28:26'),
(262, '36.65.93.181', 'Handheld Browser - Android - Mobile - ', '2020-03-25 01:38:12'),
(263, '180.254.113.230', 'Handheld Browser - Android - Mobile - ', '2020-03-25 02:41:27'),
(264, '180.254.113.230', 'Handheld Browser - Android - Mobile - ', '2020-03-25 02:41:44'),
(265, '114.125.180.158', 'Handheld Browser - Android - Mobile - ', '2020-03-25 02:42:01'),
(266, '36.81.37.173', 'Handheld Browser - Android - Mobile - ', '2020-03-25 02:48:28'),
(267, '61.94.155.72', 'Handheld Browser - Android - Mobile - ', '2020-03-25 02:51:13'),
(268, '125.163.233.247', 'Handheld Browser - Android - Mobile - ', '2020-03-25 03:46:27'),
(269, '125.163.233.247', 'Handheld Browser - Android - Mobile - ', '2020-03-25 03:46:44'),
(270, '36.72.215.20', 'Handheld Browser - Android - Mobile - ', '2020-03-25 04:14:06'),
(271, '125.160.95.158', 'Handheld Browser - Android - Mobile - ', '2020-03-25 06:14:34'),
(272, '125.160.95.158', 'Handheld Browser - Android - Mobile - ', '2020-03-25 06:14:47'),
(273, '180.242.212.157', 'Handheld Browser - Android - Mobile - ', '2020-03-25 07:11:51'),
(274, '36.72.215.41', 'Handheld Browser - Android - Mobile - ', '2020-03-25 09:47:53'),
(275, '36.72.215.41', 'Handheld Browser - Android - Mobile - ', '2020-03-25 09:47:58'),
(276, '36.72.215.41', 'Handheld Browser - Android - Mobile - ', '2020-03-25 09:48:15'),
(277, '36.72.215.41', 'Handheld Browser - Android - Mobile - ', '2020-03-25 09:48:59'),
(278, '180.254.113.230', 'Firefox - Windows 10 - Computer - ', '2020-03-25 09:52:26'),
(279, '180.254.113.230', 'Firefox - Windows 10 - Computer - ', '2020-03-25 09:56:36'),
(280, '182.253.163.105', 'Handheld Browser - Android - Mobile - ', '2020-03-25 10:24:23'),
(281, '114.124.239.72', 'Handheld Browser - Android - Mobile - ', '2020-03-25 10:26:14'),
(282, '180.242.213.59', 'Handheld Browser - Android - Mobile - ', '2020-03-25 10:40:26'),
(283, '180.242.213.59', 'Handheld Browser - Android - Mobile - ', '2020-03-25 10:40:33'),
(284, '180.242.213.59', 'Handheld Browser - Android - Mobile - ', '2020-03-25 10:41:11'),
(285, '180.254.113.230', 'Firefox - Windows 10 - Computer - ', '2020-03-25 10:46:26'),
(286, '180.242.213.59', 'Handheld Browser - Android - Mobile - ', '2020-03-25 10:47:05'),
(287, '101.255.140.81', 'Chrome - Windows 10 - Computer - ', '2020-03-25 10:52:54'),
(288, '101.255.140.81', 'Chrome - Windows 10 - Computer - ', '2020-03-25 10:52:56'),
(289, '101.255.140.81', 'Chrome - Windows 10 - Computer - ', '2020-03-25 10:53:46'),
(290, '101.255.140.81', 'Chrome - Windows 10 - Computer - ', '2020-03-25 10:53:47'),
(291, '101.255.140.81', 'Chrome - Windows 10 - Computer - ', '2020-03-25 10:53:47'),
(292, '101.255.140.81', 'Chrome - Windows 10 - Computer - ', '2020-03-25 10:53:48'),
(293, '101.255.140.81', 'Chrome - Windows 10 - Computer - ', '2020-03-25 10:53:50'),
(294, '180.254.113.230', 'Firefox - Windows 10 - Computer - ', '2020-03-25 10:57:41'),
(295, '180.254.254.119', 'Handheld Browser - Android - Mobile - ', '2020-03-25 10:59:22'),
(296, '180.254.254.119', 'Handheld Browser - Android - Mobile - ', '2020-03-25 10:59:41'),
(297, '180.254.254.119', 'Handheld Browser - Android - Mobile - ', '2020-03-25 11:00:12'),
(298, '180.254.254.119', 'Handheld Browser - Android - Mobile - ', '2020-03-25 11:00:18'),
(299, '180.253.133.81', 'Firefox - Windows 10 - Computer - ', '2020-03-25 11:06:21'),
(300, '180.253.133.81', 'Firefox - Windows 10 - Computer - ', '2020-03-25 11:06:37'),
(301, '180.242.213.59', 'Chrome - Windows 10 - Computer - ', '2020-03-25 11:14:39'),
(302, '125.164.174.171', 'Handheld Browser - iPhone - Mobile - ', '2020-03-25 11:15:30'),
(303, '180.242.213.59', 'Chrome - Windows 10 - Computer - ', '2020-03-25 11:16:03'),
(304, '101.255.140.81', 'Chrome - Windows 10 - Computer - ', '2020-03-25 11:17:18'),
(305, '101.255.140.81', 'Chrome - Windows 10 - Computer - ', '2020-03-25 11:17:24'),
(306, '172.98.66.218', 'Handheld Browser - Android - Mobile - ', '2020-03-25 11:28:47'),
(307, '180.249.253.154', 'Handheld Browser - Android - Mobile - ', '2020-03-25 11:49:26'),
(308, '36.65.88.167', 'Chrome - Windows 10 - Computer - ', '2020-03-25 12:00:25'),
(309, '36.65.88.167', 'Chrome - Windows 10 - Computer - ', '2020-03-25 12:00:40'),
(310, '36.65.88.167', 'Chrome - Windows 10 - Computer - ', '2020-03-25 12:00:44'),
(311, '36.65.88.167', 'Chrome - Windows 10 - Computer - ', '2020-03-25 12:00:53'),
(312, '36.65.88.167', 'Chrome - Windows 10 - Computer - ', '2020-03-25 12:01:00'),
(313, '36.65.88.167', 'Chrome - Windows 10 - Computer - ', '2020-03-25 12:01:15'),
(314, '180.254.120.104', 'Chrome - Windows 10 - Computer - ', '2020-03-25 12:29:35'),
(315, '180.254.120.104', 'Chrome - Windows 10 - Computer - ', '2020-03-25 12:30:00'),
(316, '180.254.120.104', 'Chrome - Windows 10 - Computer - ', '2020-03-25 12:30:14'),
(317, '180.254.120.104', 'Chrome - Windows 10 - Computer - ', '2020-03-25 12:30:18'),
(318, '180.254.120.104', 'Chrome - Windows 10 - Computer - ', '2020-03-25 12:30:27'),
(319, '180.254.120.104', 'Chrome - Windows 10 - Computer - ', '2020-03-25 12:30:30'),
(320, '114.124.232.248', 'Handheld Browser - Android - Mobile - ', '2020-03-25 12:31:12'),
(321, '10.115.91.213, 147.92.137.174', 'Unknown Browser - Unknown OS Platform - Computer - ', '2020-03-25 12:35:48'),
(322, '101.255.140.81', 'Chrome - Windows 10 - Computer - ', '2020-03-25 12:35:49'),
(323, '10.115.91.213, 147.92.137.166', 'Unknown Browser - Unknown OS Platform - Computer - ', '2020-03-25 12:35:50'),
(324, '182.1.103.159', 'Handheld Browser - Android - Mobile - ', '2020-03-25 12:35:50'),
(325, '101.255.140.81', 'Chrome - Windows 10 - Computer - ', '2020-03-25 12:35:57'),
(326, '182.1.103.159', 'Handheld Browser - Android - Mobile - ', '2020-03-25 12:36:02'),
(327, '101.255.140.81', 'Chrome - Windows 10 - Computer - ', '2020-03-25 12:39:42'),
(328, '36.81.37.173', 'Handheld Browser - Android - Mobile - ', '2020-03-25 12:43:28'),
(329, '195.74.76.194', 'Chrome - Linux - Computer - ', '2020-03-25 12:44:47'),
(330, '114.124.206.105', 'Handheld Browser - Android - Mobile - ', '2020-03-25 12:52:06'),
(331, '182.1.106.184', 'Handheld Browser - Android - Mobile - ', '2020-03-25 12:53:06'),
(332, '182.253.163.100', 'Chrome - Windows 10 - Computer - ', '2020-03-25 12:53:39'),
(333, '180.254.120.104', 'Chrome - Windows 10 - Computer - ', '2020-03-25 12:53:40'),
(334, '182.1.106.184', 'Handheld Browser - Android - Mobile - ', '2020-03-25 12:53:44'),
(335, '180.254.120.104', 'Chrome - Windows 10 - Computer - ', '2020-03-25 12:54:03'),
(336, '182.1.106.184', 'Handheld Browser - Android - Mobile - ', '2020-03-25 12:54:06'),
(337, '101.255.140.81', 'Chrome - Windows 10 - Computer - ', '2020-03-25 12:54:34'),
(338, '101.255.140.81', 'Chrome - Windows 10 - Computer - ', '2020-03-25 12:54:53'),
(339, '180.254.120.104', 'Chrome - Windows 10 - Computer - ', '2020-03-25 12:54:56'),
(340, '180.254.120.104', 'Chrome - Windows 10 - Computer - ', '2020-03-25 12:55:01'),
(341, '182.1.106.184', 'Handheld Browser - Android - Mobile - ', '2020-03-25 12:55:03'),
(342, '101.255.140.81', 'Chrome - Windows 10 - Computer - ', '2020-03-25 12:56:10'),
(343, '182.1.106.184', 'Handheld Browser - Android - Mobile - ', '2020-03-25 12:56:10'),
(344, '182.1.106.184', 'Handheld Browser - Android - Mobile - ', '2020-03-25 12:56:19'),
(345, '101.255.140.81', 'Chrome - Windows 10 - Computer - ', '2020-03-25 12:56:27'),
(346, '180.254.120.104', 'Chrome - Windows 10 - Computer - ', '2020-03-25 12:57:05'),
(347, '180.254.120.104', 'Chrome - Windows 10 - Computer - ', '2020-03-25 12:57:09'),
(348, '180.254.120.104', 'Chrome - Windows 10 - Computer - ', '2020-03-25 12:57:16'),
(349, '180.254.120.104', 'Chrome - Windows 10 - Computer - ', '2020-03-25 12:57:25'),
(350, '182.253.163.100', 'Chrome - Windows 10 - Computer - ', '2020-03-25 13:03:02'),
(351, '180.249.255.224', 'Handheld Browser - Android - Mobile - ', '2020-03-25 13:03:02'),
(352, '182.253.163.100', 'Chrome - Windows 10 - Computer - ', '2020-03-25 13:03:26'),
(353, '180.249.255.224', 'Handheld Browser - Android - Mobile - ', '2020-03-25 13:04:40'),
(354, '180.249.255.224', 'Handheld Browser - Android - Mobile - ', '2020-03-25 13:06:18'),
(355, '182.253.163.100', 'Chrome - Windows 10 - Computer - ', '2020-03-25 13:13:26'),
(356, '182.253.163.100', 'Chrome - Windows 10 - Computer - ', '2020-03-25 13:13:33'),
(357, '36.81.37.173', 'Handheld Browser - Android - Mobile - ', '2020-03-25 13:39:02'),
(358, '36.81.37.173', 'Handheld Browser - Android - Mobile - ', '2020-03-25 13:40:10'),
(359, '10.115.91.218, 147.92.137.165', 'Unknown Browser - Unknown OS Platform - Computer - ', '2020-03-25 14:32:42'),
(360, '10.115.91.218, 147.92.137.160', 'Unknown Browser - Unknown OS Platform - Computer - ', '2020-03-25 14:32:44'),
(361, '36.81.5.215', 'Edge - Windows 10 - Computer - ', '2020-03-25 14:32:45'),
(362, '36.81.5.215', 'Edge - Windows 10 - Computer - ', '2020-03-25 14:32:55'),
(363, '36.81.5.215', 'Chrome - Windows 10 - Computer - ', '2020-03-25 14:33:09'),
(364, '36.81.5.215', 'Chrome - Windows 10 - Computer - ', '2020-03-25 14:33:32'),
(365, '36.81.5.215', 'Chrome - Windows 10 - Computer - ', '2020-03-25 14:33:57'),
(366, '36.81.5.215', 'Chrome - Windows 10 - Computer - ', '2020-03-25 14:34:23'),
(367, '36.81.5.215', 'Chrome - Windows 10 - Computer - ', '2020-03-25 14:34:35'),
(368, '36.81.5.215', 'Chrome - Windows 10 - Computer - ', '2020-03-25 14:34:43'),
(369, '36.81.5.215', 'Chrome - Windows 10 - Computer - ', '2020-03-25 14:34:59'),
(370, '180.242.213.59', 'Chrome - Windows 10 - Computer - ', '2020-03-25 14:36:16'),
(371, '180.242.213.59', 'Chrome - Windows 10 - Computer - ', '2020-03-25 14:36:20'),
(372, '180.242.213.59', 'Chrome - Windows 10 - Computer - ', '2020-03-25 14:37:56'),
(373, '180.242.213.59', 'Chrome - Windows 10 - Computer - ', '2020-03-25 14:38:41'),
(374, '180.242.213.59', 'Chrome - Windows 10 - Computer - ', '2020-03-25 15:23:54'),
(375, '180.242.213.59', 'Chrome - Windows 10 - Computer - ', '2020-03-25 15:23:57'),
(376, '182.253.163.105', 'Edge - Windows 10 - Computer - ', '2020-03-25 15:26:30'),
(377, '180.242.213.59', 'Chrome - Windows 10 - Computer - ', '2020-03-25 15:29:12'),
(378, '180.242.213.59', 'Chrome - Windows 10 - Computer - ', '2020-03-25 15:29:16'),
(379, '180.242.213.59', 'Chrome - Windows 10 - Computer - ', '2020-03-25 15:30:46'),
(380, '180.242.213.59', 'Chrome - Windows 10 - Computer - ', '2020-03-25 15:31:34'),
(381, '180.242.213.59', 'Chrome - Windows 10 - Computer - ', '2020-03-25 15:46:16'),
(382, '180.242.213.59', 'Chrome - Windows 10 - Computer - ', '2020-03-25 15:46:21'),
(383, '180.242.213.59', 'Chrome - Windows 10 - Computer - ', '2020-03-25 15:49:28'),
(384, '180.242.213.59', 'Chrome - Windows 10 - Computer - ', '2020-03-25 15:52:43'),
(385, '180.242.213.59', 'Chrome - Windows 10 - Computer - ', '2020-03-25 15:52:46'),
(386, '180.242.213.59', 'Chrome - Windows 10 - Computer - ', '2020-03-25 15:53:26'),
(387, '180.245.128.127', 'Handheld Browser - Android - Mobile - ', '2020-03-25 16:07:42'),
(388, '180.245.128.127', 'Handheld Browser - Android - Mobile - ', '2020-03-25 16:08:32'),
(389, '180.245.128.127', 'Handheld Browser - Android - Mobile - ', '2020-03-25 16:08:40'),
(390, '180.242.213.59', 'Chrome - Windows 10 - Computer - ', '2020-03-25 16:20:05'),
(391, '180.242.213.59', 'Chrome - Windows 10 - Computer - ', '2020-03-25 16:20:11'),
(392, '125.163.224.10', 'Chrome - Windows 10 - Computer - ', '2020-03-25 16:24:37'),
(393, '125.163.224.10', 'Chrome - Windows 10 - Computer - ', '2020-03-25 16:25:37'),
(394, '180.253.133.81', 'Firefox - Windows 10 - Computer - ', '2020-03-25 16:44:20'),
(395, '182.1.68.64', 'Handheld Browser - Android - Mobile - ', '2020-03-25 17:07:02'),
(396, '182.1.94.208', 'Handheld Browser - Android - Mobile - ', '2020-03-25 17:07:16'),
(397, '182.1.68.64', 'Handheld Browser - Android - Mobile - ', '2020-03-25 17:08:41'),
(398, '180.242.213.59', 'Chrome - Windows 10 - Computer - ', '2020-03-25 17:57:33'),
(399, '180.242.213.59', 'Chrome - Windows 10 - Computer - ', '2020-03-25 17:57:48'),
(400, '180.242.213.59', 'Chrome - Windows 10 - Computer - ', '2020-03-25 17:58:13'),
(401, '180.242.213.59', 'Chrome - Windows 10 - Computer - ', '2020-03-25 17:58:30'),
(402, '180.242.213.59', 'Chrome - Windows 10 - Computer - ', '2020-03-25 17:59:44'),
(403, '10.115.91.223, 147.92.137.171', 'Unknown Browser - Unknown OS Platform - Computer - ', '2020-03-25 19:19:39'),
(404, '10.115.91.223, 147.92.137.156', 'Unknown Browser - Unknown OS Platform - Computer - ', '2020-03-25 19:19:40'),
(405, '180.245.128.127', 'Chrome - Windows 10 - Computer - ', '2020-03-25 22:29:21'),
(406, '180.245.128.127', 'Chrome - Windows 10 - Computer - ', '2020-03-25 22:29:33'),
(407, '180.245.128.127', 'Chrome - Windows 10 - Computer - ', '2020-03-25 22:29:47'),
(408, '180.245.128.127', 'Chrome - Windows 10 - Computer - ', '2020-03-25 22:29:59'),
(409, '180.245.128.127', 'Chrome - Windows 10 - Computer - ', '2020-03-25 22:30:02'),
(410, '180.245.128.127', 'Chrome - Windows 10 - Computer - ', '2020-03-25 22:47:15'),
(411, '180.245.128.127', 'Chrome - Windows 10 - Computer - ', '2020-03-25 22:47:20'),
(412, '180.245.128.127', 'Chrome - Windows 10 - Computer - ', '2020-03-25 22:47:52'),
(413, '180.245.128.127', 'Chrome - Windows 10 - Computer - ', '2020-03-25 22:47:55'),
(414, '180.245.128.127', 'Chrome - Windows 10 - Computer - ', '2020-03-25 22:47:57'),
(415, '180.245.128.127', 'Chrome - Windows 10 - Computer - ', '2020-03-25 22:48:01'),
(416, '180.245.128.127', 'Chrome - Windows 10 - Computer - ', '2020-03-25 22:48:03'),
(417, '180.245.128.127', 'Chrome - Windows 10 - Computer - ', '2020-03-25 22:53:16'),
(418, '180.245.128.127', 'Chrome - Windows 10 - Computer - ', '2020-03-25 22:53:22'),
(419, '36.65.128.28', 'Handheld Browser - Android - Mobile - ', '2020-03-25 23:06:21'),
(420, '182.1.68.94', 'Handheld Browser - Android - Mobile - ', '2020-03-25 23:07:57'),
(421, '182.1.68.94', 'Handheld Browser - Android - Mobile - ', '2020-03-25 23:08:11'),
(422, '182.1.68.94', 'Handheld Browser - Android - Mobile - ', '2020-03-25 23:09:21'),
(423, '182.1.68.94', 'Handheld Browser - Android - Mobile - ', '2020-03-25 23:09:27'),
(424, '182.1.68.94', 'Handheld Browser - Android - Mobile - ', '2020-03-25 23:09:46'),
(425, '182.1.68.94', 'Handheld Browser - Android - Mobile - ', '2020-03-25 23:09:57'),
(426, '182.1.68.94', 'Handheld Browser - Android - Mobile - ', '2020-03-25 23:10:21'),
(427, '10.115.91.221, 147.92.137.186', 'Unknown Browser - Unknown OS Platform - Computer - ', '2020-03-25 23:49:04'),
(428, '10.115.91.221, 147.92.137.170', 'Unknown Browser - Unknown OS Platform - Computer - ', '2020-03-25 23:49:05'),
(429, '36.65.128.28', 'Chrome - Windows 10 - Computer - ', '2020-03-26 01:09:56'),
(430, '36.65.128.28', 'Chrome - Windows 10 - Computer - ', '2020-03-26 01:10:09'),
(431, '36.65.128.28', 'Chrome - Windows 10 - Computer - ', '2020-03-26 01:10:26'),
(432, '36.65.128.28', 'Chrome - Windows 10 - Computer - ', '2020-03-26 01:10:32'),
(433, '36.65.128.28', 'Chrome - Windows 10 - Computer - ', '2020-03-26 01:10:36'),
(434, '182.1.85.193', 'Handheld Browser - Android - Mobile - ', '2020-03-26 01:28:13'),
(435, '182.1.95.245', 'Chrome - Windows 10 - Computer - ', '2020-03-26 01:31:04'),
(436, '182.1.95.245', 'Chrome - Windows 10 - Computer - ', '2020-03-26 01:31:19'),
(437, '182.1.95.245', 'Chrome - Windows 10 - Computer - ', '2020-03-26 01:31:23'),
(438, '182.1.76.250', 'Handheld Browser - Android - Mobile - ', '2020-03-26 01:38:51'),
(439, '182.1.76.250', 'Handheld Browser - Android - Mobile - ', '2020-03-26 01:38:54'),
(440, '182.1.68.94', 'Chrome - Windows 10 - Computer - ', '2020-03-26 01:40:02'),
(441, '182.1.75.125', 'Chrome - Windows 10 - Computer - ', '2020-03-26 01:52:28'),
(442, '182.1.75.125', 'Chrome - Windows 10 - Computer - ', '2020-03-26 01:54:29'),
(443, '182.1.68.94', 'Chrome - Windows 10 - Computer - ', '2020-03-26 01:58:26'),
(444, '182.1.68.94', 'Chrome - Windows 10 - Computer - ', '2020-03-26 02:01:36'),
(445, '182.1.68.94', 'Chrome - Windows 10 - Computer - ', '2020-03-26 02:01:40'),
(446, '182.1.68.94', 'Chrome - Windows 10 - Computer - ', '2020-03-26 02:01:56'),
(447, '182.1.68.94', 'Chrome - Windows 10 - Computer - ', '2020-03-26 02:02:32'),
(448, '182.1.68.94', 'Chrome - Windows 10 - Computer - ', '2020-03-26 02:02:36'),
(449, '182.1.68.94', 'Chrome - Windows 10 - Computer - ', '2020-03-26 02:02:41'),
(450, '182.1.68.94', 'Chrome - Windows 10 - Computer - ', '2020-03-26 02:03:49'),
(451, '182.1.68.94', 'Chrome - Windows 10 - Computer - ', '2020-03-26 02:03:53'),
(452, '36.77.130.173', 'Handheld Browser - Android - Mobile - ', '2020-03-26 02:07:57'),
(453, '182.1.75.125', 'Chrome - Windows 10 - Computer - ', '2020-03-26 02:09:20'),
(454, '182.1.75.125', 'Chrome - Windows 10 - Computer - ', '2020-03-26 02:09:20'),
(455, '182.1.75.125', 'Chrome - Windows 10 - Computer - ', '2020-03-26 02:09:28'),
(456, '182.1.75.125', 'Chrome - Windows 10 - Computer - ', '2020-03-26 02:09:35'),
(457, '182.1.75.125', 'Chrome - Windows 10 - Computer - ', '2020-03-26 02:09:48'),
(458, '182.1.75.125', 'Chrome - Windows 10 - Computer - ', '2020-03-26 02:09:55'),
(459, '182.1.75.125', 'Chrome - Windows 10 - Computer - ', '2020-03-26 02:10:06'),
(460, '182.1.75.125', 'Chrome - Windows 10 - Computer - ', '2020-03-26 02:10:19'),
(461, '182.1.75.125', 'Chrome - Windows 10 - Computer - ', '2020-03-26 02:10:51'),
(462, '182.1.75.125', 'Chrome - Windows 10 - Computer - ', '2020-03-26 02:11:39'),
(463, '182.1.75.125', 'Chrome - Windows 10 - Computer - ', '2020-03-26 02:12:42'),
(464, '182.1.75.125', 'Chrome - Windows 10 - Computer - ', '2020-03-26 02:12:45'),
(465, '10.115.91.217, 147.92.137.149', 'Unknown Browser - Unknown OS Platform - Computer - ', '2020-03-26 02:13:26'),
(466, '10.115.91.217, 147.92.137.143', 'Unknown Browser - Unknown OS Platform - Computer - ', '2020-03-26 02:13:28'),
(467, '182.1.75.125', 'Chrome - Windows 10 - Computer - ', '2020-03-26 02:13:51'),
(468, '182.1.75.125', 'Chrome - Windows 10 - Computer - ', '2020-03-26 02:13:57'),
(469, '36.77.130.173', 'Handheld Browser - Android - Mobile - ', '2020-03-26 02:13:57'),
(470, '36.77.130.173', 'Handheld Browser - Android - Mobile - ', '2020-03-26 02:14:15'),
(471, '36.77.130.173', 'Handheld Browser - Android - Mobile - ', '2020-03-26 02:14:26'),
(472, '36.77.130.173', 'Handheld Browser - Android - Mobile - ', '2020-03-26 02:14:33'),
(473, '182.1.75.125', 'Chrome - Windows 10 - Computer - ', '2020-03-26 02:14:38'),
(474, '36.77.130.173', 'Handheld Browser - Android - Mobile - ', '2020-03-26 02:14:50'),
(475, '36.77.130.173', 'Handheld Browser - Android - Mobile - ', '2020-03-26 02:14:56'),
(476, '182.1.75.125', 'Chrome - Windows 10 - Computer - ', '2020-03-26 02:14:57'),
(477, '182.1.75.125', 'Chrome - Windows 10 - Computer - ', '2020-03-26 02:15:43'),
(478, '182.1.75.125', 'Chrome - Windows 10 - Computer - ', '2020-03-26 02:15:46'),
(479, '182.1.75.125', 'Chrome - Windows 10 - Computer - ', '2020-03-26 02:15:50'),
(480, '182.1.75.125', 'Chrome - Windows 10 - Computer - ', '2020-03-26 02:15:53'),
(481, '36.77.130.173', 'Internet Explorer - Windows 10 - Computer - ', '2020-03-26 03:34:57'),
(482, '36.77.130.173', 'Chrome - Windows 10 - Computer - ', '2020-03-26 03:35:17'),
(483, '36.77.130.173', 'Chrome - Windows 10 - Computer - ', '2020-03-26 03:35:32'),
(484, '36.77.130.173', 'Chrome - Windows 10 - Computer - ', '2020-03-26 03:35:35'),
(485, '36.77.130.173', 'Chrome - Windows 10 - Computer - ', '2020-03-26 03:35:39'),
(486, '36.77.130.173', 'Chrome - Windows 10 - Computer - ', '2020-03-26 03:35:48'),
(487, '36.77.130.173', 'Chrome - Windows 10 - Computer - ', '2020-03-26 03:36:13'),
(488, '180.254.120.104', 'Chrome - Windows 10 - Computer - ', '2020-03-26 03:46:15'),
(489, '180.254.120.104', 'Chrome - Windows 10 - Computer - ', '2020-03-26 03:46:32'),
(490, '180.254.120.104', 'Chrome - Windows 10 - Computer - ', '2020-03-26 03:47:36'),
(491, '182.1.80.74', 'Chrome - Windows 10 - Computer - ', '2020-03-26 03:47:45'),
(492, '182.1.80.74', 'Chrome - Windows 10 - Computer - ', '2020-03-26 03:47:51'),
(493, '180.254.120.104', 'Chrome - Windows 10 - Computer - ', '2020-03-26 03:49:00'),
(494, '182.1.80.74', 'Chrome - Windows 10 - Computer - ', '2020-03-26 04:06:13'),
(495, '180.254.120.104', 'Chrome - Windows 10 - Computer - ', '2020-03-26 04:28:09'),
(496, '180.254.120.104', 'Chrome - Windows 10 - Computer - ', '2020-03-26 04:28:20'),
(497, '180.254.120.104', 'Chrome - Windows 10 - Computer - ', '2020-03-26 04:28:49'),
(498, '180.254.120.104', 'Chrome - Windows 10 - Computer - ', '2020-03-26 04:29:08'),
(499, '36.65.129.150', 'Chrome - Windows 10 - Computer - ', '2020-03-26 04:32:57'),
(500, '36.65.129.150', 'Chrome - Windows 10 - Computer - ', '2020-03-26 04:35:58'),
(501, '180.242.213.59', 'Handheld Browser - Android - Mobile - ', '2020-03-26 04:37:20'),
(502, '180.242.213.59', 'Handheld Browser - Android - Mobile - ', '2020-03-26 04:44:20'),
(503, '36.77.130.173', 'Chrome - Windows 10 - Computer - ', '2020-03-26 05:14:20'),
(504, '125.164.188.192', 'Firefox - Windows 10 - Computer - ', '2020-03-26 05:40:40'),
(505, '125.164.188.192', 'Firefox - Windows 10 - Computer - ', '2020-03-26 05:41:29'),
(506, '125.164.188.192', 'Firefox - Windows 10 - Computer - ', '2020-03-26 05:41:34'),
(507, '125.164.188.192', 'Firefox - Windows 10 - Computer - ', '2020-03-26 05:41:41'),
(508, '182.1.223.20', 'Chrome - Windows 10 - Computer - ', '2020-03-26 05:41:44'),
(509, '114.142.169.18', 'Handheld Browser - Android - Mobile - ', '2020-03-26 05:41:45'),
(510, '125.163.224.10', 'Chrome - Windows 10 - Computer - ', '2020-03-26 05:52:26'),
(511, '125.163.224.10', 'Chrome - Windows 10 - Computer - ', '2020-03-26 05:52:29'),
(512, '36.65.88.167', 'Chrome - Windows 10 - Computer - ', '2020-03-26 05:53:54'),
(513, '125.166.188.205', 'Chrome - Windows 10 - Computer - ', '2020-03-26 05:55:42'),
(514, '182.1.101.6', 'Chrome - Windows 10 - Computer - ', '2020-03-26 05:56:43'),
(515, '182.1.101.6', 'Chrome - Windows 10 - Computer - ', '2020-03-26 05:56:45'),
(516, '182.1.101.6', 'Chrome - Windows 10 - Computer - ', '2020-03-26 05:56:50'),
(517, '182.1.101.6', 'Chrome - Windows 10 - Computer - ', '2020-03-26 05:56:56'),
(518, '125.166.188.205', 'Chrome - Windows 10 - Computer - ', '2020-03-26 05:57:20'),
(519, '182.1.101.6', 'Chrome - Windows 10 - Computer - ', '2020-03-26 05:57:23'),
(520, '182.1.101.6', 'Chrome - Windows 10 - Computer - ', '2020-03-26 05:58:02'),
(521, '182.1.101.6', 'Chrome - Windows 10 - Computer - ', '2020-03-26 05:58:12'),
(522, '36.81.37.173', 'Handheld Browser - Android - Mobile - ', '2020-03-26 06:05:04'),
(523, '36.81.37.173', 'Handheld Browser - Android - Mobile - ', '2020-03-26 06:05:56'),
(524, '180.249.255.224', 'Handheld Browser - Android - Mobile - ', '2020-03-26 06:05:58'),
(525, '182.1.83.90', 'Chrome - Windows 10 - Computer - ', '2020-03-26 06:06:33'),
(526, '182.1.83.90', 'Chrome - Windows 10 - Computer - ', '2020-03-26 06:06:33'),
(527, '35.227.62.178', 'Unknown Browser - Unknown OS Platform - Computer - ', '2020-03-26 06:09:54'),
(528, '125.160.95.158', 'Chrome - Windows 10 - Computer - ', '2020-03-26 06:10:02'),
(529, '125.160.95.158', 'Chrome - Windows 10 - Computer - ', '2020-03-26 06:10:03'),
(530, '110.136.247.147', 'Chrome - Windows 10 - Computer - ', '2020-03-26 06:10:09'),
(531, '125.160.95.158', 'Chrome - Windows 10 - Computer - ', '2020-03-26 06:10:31'),
(532, '125.160.95.158', 'Chrome - Windows 10 - Computer - ', '2020-03-26 06:10:39'),
(533, '180.242.213.59', 'Chrome - Windows 10 - Computer - ', '2020-03-26 06:10:50'),
(534, '182.253.163.36', 'Edge - Windows 10 - Computer - ', '2020-03-26 06:10:52'),
(535, '182.253.163.36', 'Edge - Windows 10 - Computer - ', '2020-03-26 06:11:01'),
(536, '180.245.207.129', 'Chrome - Windows 10 - Computer - ', '2020-03-26 06:11:05'),
(537, '180.242.213.59', 'Chrome - Windows 10 - Computer - ', '2020-03-26 06:11:05'),
(538, '125.160.95.158', 'Chrome - Windows 10 - Computer - ', '2020-03-26 06:11:15'),
(539, '36.65.88.167', 'Chrome - Windows 10 - Computer - ', '2020-03-26 06:11:39'),
(540, '35.196.132.85', 'Unknown Browser - Unknown OS Platform - Computer - ', '2020-03-26 06:11:42'),
(541, '182.253.163.121', 'Firefox - Windows 10 - Computer - ', '2020-03-26 06:11:45'),
(542, '110.136.161.198', 'Firefox - Windows 10 - Computer - ', '2020-03-26 06:11:47'),
(543, '180.245.207.129', 'Edge - Windows 10 - Computer - ', '2020-03-26 06:12:16'),
(544, '125.160.95.158', 'Chrome - Windows 10 - Computer - ', '2020-03-26 06:12:23'),
(545, '125.160.95.158', 'Chrome - Windows 10 - Computer - ', '2020-03-26 06:12:33'),
(546, '180.245.207.129', 'Chrome - Windows 10 - Computer - ', '2020-03-26 06:12:35'),
(547, '125.160.95.158', 'Chrome - Windows 10 - Computer - ', '2020-03-26 06:12:38'),
(548, '125.160.95.158', 'Chrome - Windows 10 - Computer - ', '2020-03-26 06:12:40'),
(549, '103.11.28.133', 'Chrome - Windows 10 - Computer - ', '2020-03-26 06:12:44'),
(550, '125.160.95.158', 'Chrome - Windows 10 - Computer - ', '2020-03-26 06:12:54'),
(551, '125.160.95.158', 'Chrome - Windows 10 - Computer - ', '2020-03-26 06:13:03'),
(552, '110.136.161.198', 'Firefox - Windows 10 - Computer - ', '2020-03-26 06:13:19'),
(553, '180.242.213.59', 'Chrome - Windows 10 - Computer - ', '2020-03-26 06:13:20'),
(554, '110.136.161.198', 'Firefox - Windows 10 - Computer - ', '2020-03-26 06:13:32'),
(555, '110.136.161.198', 'Firefox - Windows 10 - Computer - ', '2020-03-26 06:13:38'),
(556, '36.75.65.58', 'Chrome - Windows 10 - Computer - ', '2020-03-26 06:13:48'),
(557, '36.75.65.58', 'Chrome - Windows 10 - Computer - ', '2020-03-26 06:13:56'),
(558, '36.81.37.173', 'Handheld Browser - Android - Mobile - ', '2020-03-26 06:14:08'),
(559, '36.75.65.58', 'Chrome - Windows 10 - Computer - ', '2020-03-26 06:14:08'),
(560, '180.254.120.104', 'Chrome - Windows 10 - Computer - ', '2020-03-26 06:14:09'),
(561, '180.242.213.59', 'Chrome - Windows 10 - Computer - ', '2020-03-26 06:14:13'),
(562, '180.254.120.104', 'Chrome - Windows 10 - Computer - ', '2020-03-26 06:14:13'),
(563, '36.75.65.58', 'Chrome - Windows 10 - Computer - ', '2020-03-26 06:14:16'),
(564, '36.75.65.58', 'Chrome - Windows 10 - Computer - ', '2020-03-26 06:14:22'),
(565, '110.136.161.198', 'Firefox - Windows 10 - Computer - ', '2020-03-26 06:14:25'),
(566, '180.178.94.72', 'Chrome - Windows 10 - Computer - ', '2020-03-26 06:14:56'),
(567, '180.178.94.72', 'Chrome - Windows 10 - Computer - ', '2020-03-26 06:15:18'),
(568, '110.136.247.147', 'Chrome - Windows 10 - Computer - ', '2020-03-26 06:15:38'),
(569, '182.1.70.240', 'Chrome - Windows 10 - Computer - ', '2020-03-26 06:15:40'),
(570, '36.65.129.150', 'Chrome - Windows 10 - Computer - ', '2020-03-26 06:16:01'),
(571, '125.160.95.158', 'Chrome - Windows 10 - Computer - ', '2020-03-26 06:16:26'),
(572, '114.125.221.36', 'Chrome - Windows 10 - Computer - ', '2020-03-26 06:16:52'),
(573, '114.125.221.180', 'Chrome - Windows 10 - Computer - ', '2020-03-26 06:17:01'),
(574, '125.160.95.158', 'Chrome - Windows 10 - Computer - ', '2020-03-26 06:17:09'),
(575, '125.160.95.158', 'Chrome - Windows 10 - Computer - ', '2020-03-26 06:17:22'),
(576, '114.125.204.9', 'Chrome - Windows 10 - Computer - ', '2020-03-26 06:17:23'),
(577, '36.69.10.37', 'Handheld Browser - Android - Mobile - ', '2020-03-26 06:17:24'),
(578, '36.69.10.37', 'Handheld Browser - Android - Mobile - ', '2020-03-26 06:17:48'),
(579, '36.69.10.37', 'Handheld Browser - Android - Mobile - ', '2020-03-26 06:18:17'),
(580, '180.245.207.129', 'Chrome - Windows 10 - Computer - ', '2020-03-26 06:19:00'),
(581, '36.69.10.37', 'Handheld Browser - Android - Mobile - ', '2020-03-26 06:19:10'),
(582, '180.245.207.129', 'Chrome - Windows 10 - Computer - ', '2020-03-26 06:19:19'),
(583, '36.69.10.37', 'Handheld Browser - Android - Mobile - ', '2020-03-26 06:19:21'),
(584, '180.178.94.71', 'Chrome - Windows 10 - Computer - ', '2020-03-26 06:19:25'),
(585, '180.178.94.71', 'Chrome - Windows 10 - Computer - ', '2020-03-26 06:19:32'),
(586, '180.245.207.129', 'Chrome - Windows 10 - Computer - ', '2020-03-26 06:19:47'),
(587, '182.1.223.20', 'Chrome - Windows 10 - Computer - ', '2020-03-26 06:19:55'),
(588, '125.160.95.158', 'Chrome - Windows 10 - Computer - ', '2020-03-26 06:20:04'),
(589, '114.125.93.234', 'Chrome - Windows 10 - Computer - ', '2020-03-26 06:20:31'),
(590, '180.245.207.129', 'Chrome - Windows 10 - Computer - ', '2020-03-26 06:20:36');
INSERT INTO `log` (`id_log`, `ip`, `info`, `access`) VALUES
(591, '180.242.213.59', 'Chrome - Windows 10 - Computer - ', '2020-03-26 06:20:49'),
(592, '180.245.207.129', 'Chrome - Windows 10 - Computer - ', '2020-03-26 06:20:51'),
(593, '125.160.95.158', 'Chrome - Windows 10 - Computer - ', '2020-03-26 06:21:16'),
(594, '125.163.227.162', 'Firefox - Windows 10 - Computer - ', '2020-03-26 06:21:31'),
(595, '182.253.163.36', 'Edge - Windows 10 - Computer - ', '2020-03-26 06:21:32'),
(596, '36.65.129.150', 'Chrome - Windows 10 - Computer - ', '2020-03-26 06:21:39'),
(597, '182.253.163.36', 'Edge - Windows 10 - Computer - ', '2020-03-26 06:21:40'),
(598, '114.142.168.45', 'Handheld Browser - Android - Mobile - ', '2020-03-26 06:22:00'),
(599, '180.242.213.59', 'Chrome - Windows 10 - Computer - ', '2020-03-26 06:22:04'),
(600, '180.178.94.71', 'Chrome - Windows 10 - Computer - ', '2020-03-26 06:22:09'),
(601, '114.142.168.45', 'Handheld Browser - Android - Mobile - ', '2020-03-26 06:22:23'),
(602, '180.178.94.71', 'Chrome - Windows 10 - Computer - ', '2020-03-26 06:22:23'),
(603, '125.163.227.162', 'Firefox - Windows 10 - Computer - ', '2020-03-26 06:22:52'),
(604, '125.160.95.158', 'Chrome - Windows 10 - Computer - ', '2020-03-26 06:23:33'),
(605, '125.160.95.158', 'Chrome - Windows 10 - Computer - ', '2020-03-26 06:23:36'),
(606, '180.178.94.71', 'Chrome - Windows 10 - Computer - ', '2020-03-26 06:23:51'),
(607, '180.178.94.71', 'Chrome - Windows 10 - Computer - ', '2020-03-26 06:23:59'),
(608, '180.178.94.71', 'Chrome - Windows 10 - Computer - ', '2020-03-26 06:24:22'),
(609, '101.255.140.81', 'Chrome - Windows 10 - Computer - ', '2020-03-26 06:24:23'),
(610, '101.255.140.81', 'Chrome - Windows 10 - Computer - ', '2020-03-26 06:24:39'),
(611, '182.253.163.36', 'Edge - Windows 10 - Computer - ', '2020-03-26 06:26:03'),
(612, '180.249.255.224', 'Chrome - Windows 10 - Computer - ', '2020-03-26 06:26:53'),
(613, '182.253.163.96', 'Chrome - Windows 10 - Computer - ', '2020-03-26 06:27:24'),
(614, '182.253.163.96', 'Chrome - Windows 10 - Computer - ', '2020-03-26 06:27:43'),
(615, '180.249.255.224', 'Chrome - Windows 10 - Computer - ', '2020-03-26 06:27:52'),
(616, '180.249.255.224', 'Chrome - Windows 10 - Computer - ', '2020-03-26 06:27:59'),
(617, '182.253.163.96', 'Chrome - Windows 10 - Computer - ', '2020-03-26 06:28:03'),
(618, '110.136.247.147', 'Chrome - Windows 10 - Computer - ', '2020-03-26 06:28:30'),
(619, '182.253.163.96', 'Firefox - Windows 10 - Computer - ', '2020-03-26 06:28:45'),
(620, '182.253.163.96', 'Chrome - Windows 10 - Computer - ', '2020-03-26 06:29:07'),
(621, '182.253.163.96', 'Chrome - Windows 10 - Computer - ', '2020-03-26 06:29:35'),
(622, '180.245.128.127', 'Chrome - Windows 10 - Computer - ', '2020-03-26 06:29:45'),
(623, '35.227.62.178', 'Unknown Browser - Unknown OS Platform - Computer - ', '2020-03-26 06:30:03'),
(624, '36.68.57.154', 'Firefox - Windows 10 - Computer - ', '2020-03-26 06:30:21'),
(625, '182.253.163.96', 'Firefox - Windows 10 - Computer - ', '2020-03-26 06:30:39'),
(626, '182.253.163.96', 'Firefox - Windows 10 - Computer - ', '2020-03-26 06:30:45'),
(627, '182.253.163.96', 'Firefox - Windows 10 - Computer - ', '2020-03-26 06:30:47'),
(628, '36.68.57.154', 'Firefox - Windows 10 - Computer - ', '2020-03-26 06:30:47'),
(629, '182.253.163.96', 'Firefox - Windows 10 - Computer - ', '2020-03-26 06:30:48'),
(630, '180.242.213.59', 'Chrome - Windows 10 - Computer - ', '2020-03-26 06:31:03'),
(631, '180.242.213.59', 'Chrome - Windows 10 - Computer - ', '2020-03-26 06:32:29'),
(632, '180.242.213.59', 'Chrome - Windows 10 - Computer - ', '2020-03-26 06:32:45'),
(633, '36.77.130.173', 'Chrome - Windows 10 - Computer - ', '2020-03-26 06:36:26'),
(634, '125.166.188.205', 'Chrome - Windows 10 - Computer - ', '2020-03-26 06:37:56'),
(635, '125.166.188.205', 'Chrome - Windows 10 - Computer - ', '2020-03-26 06:37:59'),
(636, '182.253.163.96', 'Chrome - Windows 10 - Computer - ', '2020-03-26 06:38:17'),
(637, '110.136.247.147', 'Chrome - Windows 10 - Computer - ', '2020-03-26 06:39:39'),
(638, '180.242.213.59', 'Chrome - Windows 10 - Computer - ', '2020-03-26 06:41:08'),
(639, '35.237.4.214', 'Unknown Browser - Unknown OS Platform - Computer - ', '2020-03-26 06:41:36'),
(640, '110.136.247.147', 'Chrome - Windows 10 - Computer - ', '2020-03-26 06:41:37'),
(641, '36.80.240.175', 'Chrome - Windows 10 - Computer - ', '2020-03-26 06:41:48'),
(642, '36.69.10.37', 'Edge - Windows 10 - Computer - ', '2020-03-26 06:41:49'),
(643, '36.80.240.175', 'Chrome - Windows 10 - Computer - ', '2020-03-26 06:42:18'),
(644, '182.253.163.36', 'Edge - Windows 10 - Computer - ', '2020-03-26 06:42:28'),
(645, '114.125.126.43', 'Chrome - Windows 10 - Computer - ', '2020-03-26 06:42:33'),
(646, '36.69.10.37', 'Edge - Windows 10 - Computer - ', '2020-03-26 06:42:36'),
(647, '125.164.174.171', 'Chrome - Windows 10 - Computer - ', '2020-03-26 06:42:37'),
(648, '36.69.10.37', 'Edge - Windows 10 - Computer - ', '2020-03-26 06:44:24'),
(649, '125.160.95.158', 'Chrome - Windows 10 - Computer - ', '2020-03-26 06:44:34'),
(650, '180.245.207.129', 'Chrome - Windows 10 - Computer - ', '2020-03-26 06:45:09'),
(651, '36.69.10.37', 'Edge - Windows 10 - Computer - ', '2020-03-26 06:45:41'),
(652, '36.69.10.37', 'Edge - Windows 10 - Computer - ', '2020-03-26 06:46:38'),
(653, '195.74.76.194', 'Chrome - Linux - Computer - ', '2020-03-26 06:47:17'),
(654, '180.242.213.59', 'Chrome - Windows 10 - Computer - ', '2020-03-26 06:47:27'),
(655, '36.68.57.154', 'Firefox - Windows 10 - Computer - ', '2020-03-26 06:47:49'),
(656, '36.68.57.154', 'Firefox - Windows 10 - Computer - ', '2020-03-26 06:47:57'),
(657, '182.1.68.94', 'Chrome - Windows 10 - Computer - ', '2020-03-26 06:48:13'),
(658, '182.253.163.36', 'Edge - Windows 10 - Computer - ', '2020-03-26 06:48:16'),
(659, '182.1.68.94', 'Chrome - Windows 10 - Computer - ', '2020-03-26 06:48:23'),
(660, '182.1.68.94', 'Chrome - Windows 10 - Computer - ', '2020-03-26 06:48:34'),
(661, '180.245.207.129', 'Chrome - Windows 10 - Computer - ', '2020-03-26 06:51:41'),
(662, '182.253.163.36', 'Edge - Windows 10 - Computer - ', '2020-03-26 06:51:59'),
(663, '114.125.124.250', 'Chrome - Windows 10 - Computer - ', '2020-03-26 06:52:00'),
(664, '114.125.109.254', 'Chrome - Windows 10 - Computer - ', '2020-03-26 06:53:00'),
(665, '36.69.10.37', 'Edge - Windows 10 - Computer - ', '2020-03-26 06:53:17'),
(666, '36.80.240.175', 'Chrome - Windows 10 - Computer - ', '2020-03-26 06:54:41'),
(667, '36.72.251.117', 'Handheld Browser - Android - Mobile - ', '2020-03-26 06:55:03'),
(668, '36.72.251.117', 'Handheld Browser - Android - Mobile - ', '2020-03-26 06:55:03'),
(669, '36.72.251.117', 'Handheld Browser - Android - Mobile - ', '2020-03-26 06:55:43'),
(670, '36.72.251.117', 'Handheld Browser - Android - Mobile - ', '2020-03-26 06:55:55'),
(671, '36.69.10.37', 'Edge - Windows 10 - Computer - ', '2020-03-26 06:57:42'),
(672, '110.136.247.147', 'Chrome - Windows 10 - Computer - ', '2020-03-26 06:58:39'),
(673, '180.245.207.129', 'Chrome - Windows 10 - Computer - ', '2020-03-26 07:00:40'),
(674, '36.80.240.175', 'Chrome - Windows 10 - Computer - ', '2020-03-26 07:01:21'),
(675, '180.245.207.129', 'Chrome - Windows 10 - Computer - ', '2020-03-26 07:01:48'),
(676, '180.245.207.129', 'Chrome - Windows 10 - Computer - ', '2020-03-26 07:05:21'),
(677, '36.80.240.175', 'Chrome - Windows 10 - Computer - ', '2020-03-26 07:06:19'),
(678, '36.72.251.117', 'Handheld Browser - Android - Mobile - ', '2020-03-26 07:06:45'),
(679, '36.72.251.117', 'Handheld Browser - Android - Mobile - ', '2020-03-26 07:06:45'),
(680, '36.72.251.117', 'Handheld Browser - Android - Mobile - ', '2020-03-26 07:07:30'),
(681, '110.136.247.147', 'Chrome - Windows 10 - Computer - ', '2020-03-26 07:07:37'),
(682, '180.242.213.59', 'Chrome - Windows 10 - Computer - ', '2020-03-26 07:09:22'),
(683, '180.242.213.59', 'Chrome - Windows 10 - Computer - ', '2020-03-26 07:12:07'),
(684, '110.136.247.147', 'Chrome - Windows 10 - Computer - ', '2020-03-26 07:13:01'),
(685, '180.245.207.129', 'Chrome - Windows 10 - Computer - ', '2020-03-26 07:13:03'),
(686, '180.245.207.129', 'Chrome - Windows 10 - Computer - ', '2020-03-26 07:16:08'),
(687, '180.242.213.59', 'Chrome - Windows 10 - Computer - ', '2020-03-26 07:18:23'),
(688, '180.245.207.129', 'Chrome - Windows 10 - Computer - ', '2020-03-26 07:18:27'),
(689, '182.253.163.36', 'Edge - Windows 10 - Computer - ', '2020-03-26 07:20:22'),
(690, '180.242.213.59', 'Chrome - Windows 10 - Computer - ', '2020-03-26 07:21:09'),
(691, '180.245.207.129', 'Chrome - Windows 10 - Computer - ', '2020-03-26 07:21:47'),
(692, '180.245.128.127', 'Chrome - Windows 10 - Computer - ', '2020-03-26 07:22:07'),
(693, '180.245.128.127', 'Chrome - Windows 10 - Computer - ', '2020-03-26 07:22:11'),
(694, '180.245.128.127', 'Chrome - Windows 10 - Computer - ', '2020-03-26 07:22:13'),
(695, '180.245.128.127', 'Chrome - Windows 10 - Computer - ', '2020-03-26 07:22:15'),
(696, '180.245.128.127', 'Chrome - Windows 10 - Computer - ', '2020-03-26 07:22:18'),
(697, '180.245.207.129', 'Chrome - Windows 10 - Computer - ', '2020-03-26 07:22:24'),
(698, '180.245.207.129', 'Chrome - Windows 10 - Computer - ', '2020-03-26 07:25:14'),
(699, '180.245.207.129', 'Chrome - Windows 10 - Computer - ', '2020-03-26 07:28:09'),
(700, '182.253.163.96', 'Firefox - Windows 10 - Computer - ', '2020-03-26 07:28:16'),
(701, '182.253.163.96', 'Firefox - Windows 10 - Computer - ', '2020-03-26 07:28:22'),
(702, '182.253.163.96', 'Firefox - Windows 10 - Computer - ', '2020-03-26 07:28:45'),
(703, '182.253.163.96', 'Firefox - Windows 10 - Computer - ', '2020-03-26 07:30:02'),
(704, '36.80.240.175', 'Chrome - Windows 10 - Computer - ', '2020-03-26 07:30:12'),
(705, '36.68.57.154', 'Firefox - Windows 10 - Computer - ', '2020-03-26 07:37:35'),
(706, '114.125.124.167', 'Chrome - Windows 10 - Computer - ', '2020-03-26 07:42:01'),
(707, '114.125.124.167', 'Chrome - Windows 10 - Computer - ', '2020-03-26 07:42:57'),
(708, '114.125.124.167', 'Chrome - Windows 10 - Computer - ', '2020-03-26 07:43:20'),
(709, '114.125.124.167', 'Chrome - Windows 10 - Computer - ', '2020-03-26 07:43:32'),
(710, '110.137.102.193', 'Handheld Browser - Android - Mobile - ', '2020-03-26 12:11:24'),
(711, '110.137.102.193', 'Handheld Browser - Android - Mobile - ', '2020-03-26 12:12:04'),
(712, '110.137.102.193', 'Handheld Browser - Android - Mobile - ', '2020-03-26 12:12:15'),
(713, '125.163.227.162', 'Firefox - Windows 10 - Computer - ', '2020-03-26 13:48:01'),
(714, '36.68.11.184', 'Chrome - Windows 10 - Computer - ', '2020-03-26 16:58:16'),
(715, '36.68.11.184', 'Chrome - Windows 10 - Computer - ', '2020-03-26 17:12:14'),
(716, '114.122.143.176', 'Chrome - Windows 10 - Computer - ', '2020-03-27 01:03:31'),
(717, '114.122.143.176', 'Chrome - Windows 10 - Computer - ', '2020-03-27 01:03:36'),
(718, '114.122.143.176', 'Chrome - Windows 10 - Computer - ', '2020-03-27 01:04:00'),
(719, '114.122.143.176', 'Chrome - Windows 10 - Computer - ', '2020-03-27 01:04:03'),
(720, '36.72.213.97', 'Handheld Browser - Android - Mobile - ', '2020-03-27 01:33:46'),
(721, '36.72.213.97', 'Handheld Browser - Android - Mobile - ', '2020-03-27 01:33:56'),
(722, '182.253.163.106', 'Handheld Browser - Android - Mobile - ', '2020-03-27 04:55:43'),
(723, '182.253.163.106', 'Handheld Browser - Android - Mobile - ', '2020-03-27 04:55:56'),
(724, '182.253.163.106', 'Handheld Browser - Android - Mobile - ', '2020-03-27 04:56:13'),
(725, '182.253.163.106', 'Firefox - Windows 10 - Computer - ', '2020-03-27 04:59:11'),
(726, '182.253.163.106', 'Firefox - Windows 10 - Computer - ', '2020-03-27 04:59:18'),
(727, '182.253.163.106', 'Firefox - Windows 10 - Computer - ', '2020-03-27 04:59:23'),
(728, '180.242.215.177', 'Chrome - Windows 10 - Computer - ', '2020-03-27 15:53:14'),
(729, '182.253.163.106', 'Handheld Browser - Android - Mobile - ', '2020-03-28 00:16:58'),
(730, '180.242.213.48', 'Chrome - Windows 10 - Computer - ', '2020-03-28 13:17:36'),
(731, '180.242.213.48', 'Chrome - Windows 10 - Computer - ', '2020-03-28 13:23:18'),
(732, '180.242.213.48', 'Chrome - Windows 10 - Computer - ', '2020-03-28 13:24:09'),
(733, '2001:67c:198c:906:4::5e', 'Chrome - Windows 10 - Computer - ', '2020-03-28 18:56:56'),
(734, '180.242.212.107', 'Chrome - Windows 10 - Computer - ', '2020-03-29 14:23:43'),
(735, '2001:67c:198c:906:5::5e', 'Chrome - Windows 10 - Computer - ', '2020-03-29 15:06:11'),
(736, '110.137.103.63', 'Handheld Browser - Android - Mobile - ', '2020-03-30 10:56:22'),
(737, '110.137.103.63', 'Handheld Browser - Android - Mobile - ', '2020-03-30 10:56:40'),
(738, '180.242.103.100', 'Chrome - Windows 10 - Computer - ', '2020-03-31 01:12:48'),
(739, '180.242.103.100', 'Chrome - Windows 10 - Computer - ', '2020-03-31 01:13:09'),
(740, '180.242.103.100', 'Chrome - Windows 10 - Computer - ', '2020-03-31 01:13:17'),
(741, '180.242.103.100', 'Chrome - Windows 10 - Computer - ', '2020-03-31 01:13:26'),
(742, '180.242.103.100', 'Chrome - Windows 10 - Computer - ', '2020-03-31 01:13:37'),
(743, '180.242.103.100', 'Chrome - Windows 10 - Computer - ', '2020-03-31 01:13:46'),
(744, '180.242.103.100', 'Chrome - Windows 10 - Computer - ', '2020-03-31 01:14:18'),
(745, '180.242.103.100', 'Chrome - Windows 10 - Computer - ', '2020-03-31 01:15:45'),
(746, '10.115.91.220, 147.92.137.152', 'Unknown Browser - Unknown OS Platform - Computer - ', '2020-03-31 01:15:50'),
(747, '10.115.91.220, 147.92.137.153', 'Unknown Browser - Unknown OS Platform - Computer - ', '2020-03-31 01:15:52'),
(748, '180.242.103.100', 'Chrome - Windows 10 - Computer - ', '2020-03-31 02:18:09'),
(749, '114.125.77.4', 'Chrome - Windows 10 - Computer - ', '2020-03-31 02:18:14'),
(750, '114.125.77.4', 'Chrome - Windows 10 - Computer - ', '2020-03-31 02:18:25'),
(751, '35.227.62.178', 'Unknown Browser - Unknown OS Platform - Computer - ', '2020-03-31 02:35:56'),
(752, '110.137.103.63', 'Edge - Windows 10 - Computer - ', '2020-03-31 02:37:34'),
(753, '110.137.103.63', 'Edge - Windows 10 - Computer - ', '2020-03-31 02:38:45'),
(754, '110.137.103.63', 'Edge - Windows 10 - Computer - ', '2020-03-31 03:26:50'),
(755, '110.137.103.63', 'Edge - Windows 10 - Computer - ', '2020-03-31 03:27:25'),
(756, '10.115.91.212, 147.92.137.182', 'Unknown Browser - Unknown OS Platform - Computer - ', '2020-03-31 03:34:42'),
(757, '10.115.91.212, 147.92.137.172', 'Unknown Browser - Unknown OS Platform - Computer - ', '2020-03-31 03:34:44'),
(758, '110.137.103.63', 'Edge - Windows 10 - Computer - ', '2020-03-31 03:35:11'),
(759, '110.137.103.63', 'Edge - Windows 10 - Computer - ', '2020-03-31 03:35:19'),
(760, '110.137.103.63', 'Edge - Windows 10 - Computer - ', '2020-03-31 03:35:29'),
(761, '36.68.53.148', 'Edge - Windows 10 - Computer - ', '2020-03-31 03:35:36'),
(762, '182.1.64.228', 'Chrome - Windows 10 - Computer - ', '2020-03-31 03:40:19'),
(763, '182.1.64.228', 'Chrome - Windows 10 - Computer - ', '2020-03-31 03:40:35'),
(764, '36.72.213.15', 'Handheld Browser - Android - Mobile - ', '2020-03-31 05:48:00'),
(765, '36.72.213.15', 'Handheld Browser - Android - Mobile - ', '2020-03-31 05:48:26'),
(766, '110.137.103.63', 'Edge - Windows 10 - Computer - ', '2020-03-31 05:51:33'),
(767, '110.137.103.63', 'Edge - Windows 10 - Computer - ', '2020-03-31 05:51:44'),
(768, '114.124.140.233', 'Chrome - Windows 10 - Computer - ', '2020-04-02 01:51:31'),
(769, '36.68.5.208', 'Chrome - Windows 10 - Computer - ', '2020-04-02 03:03:18'),
(770, '36.68.5.208', 'Chrome - Windows 10 - Computer - ', '2020-04-02 03:03:28'),
(771, '10.115.91.218, 147.92.137.132', 'Unknown Browser - Unknown OS Platform - Computer - ', '2020-04-02 06:39:54'),
(772, '10.115.91.218, 147.92.137.174', 'Unknown Browser - Unknown OS Platform - Computer - ', '2020-04-02 06:39:56'),
(773, '10.115.91.217, 147.92.137.131', 'Unknown Browser - Unknown OS Platform - Computer - ', '2020-04-05 10:15:37'),
(774, '10.115.91.217, 147.92.137.166', 'Unknown Browser - Unknown OS Platform - Computer - ', '2020-04-05 10:15:38'),
(775, '10.115.91.216, 147.92.137.129', 'Unknown Browser - Unknown OS Platform - Computer - ', '2020-04-06 02:53:30'),
(776, '10.115.91.216, 147.92.137.139', 'Unknown Browser - Unknown OS Platform - Computer - ', '2020-04-06 02:53:31'),
(777, '114.125.101.13', 'Chrome - Windows 10 - Computer - ', '2020-04-14 17:01:17'),
(778, '2001:67c:198c:906:4::370', 'Chrome - Windows 10 - Computer - ', '2020-04-15 08:01:47'),
(779, '10.115.91.223, 147.92.137.149', 'Unknown Browser - Unknown OS Platform - Computer - ', '2020-04-18 18:44:31'),
(780, '10.115.91.223, 147.92.137.170', 'Unknown Browser - Unknown OS Platform - Computer - ', '2020-04-18 18:44:33'),
(781, '10.115.91.212, 147.92.137.182', 'Unknown Browser - Unknown OS Platform - Computer - ', '2020-04-20 21:08:20'),
(782, '10.115.91.212, 147.92.137.162', 'Unknown Browser - Unknown OS Platform - Computer - ', '2020-04-20 21:08:22'),
(783, '10.115.91.222, 147.92.137.151', 'Unknown Browser - Unknown OS Platform - Computer - ', '2020-04-20 21:14:20'),
(784, '10.115.91.214, 147.92.137.146', 'Unknown Browser - Unknown OS Platform - Computer - ', '2020-04-20 21:14:21'),
(785, '10.115.91.222, 147.92.137.161', 'Unknown Browser - Unknown OS Platform - Computer - ', '2020-04-20 21:14:22'),
(786, '10.115.91.214, 147.92.137.162', 'Unknown Browser - Unknown OS Platform - Computer - ', '2020-04-20 21:14:30'),
(787, '10.115.91.214, 147.92.137.130', 'Unknown Browser - Unknown OS Platform - Computer - ', '2020-04-20 21:14:31'),
(788, '10.115.91.214, 147.92.137.172', 'Unknown Browser - Unknown OS Platform - Computer - ', '2020-04-21 09:12:31'),
(789, '10.115.91.214, 147.92.137.184', 'Unknown Browser - Unknown OS Platform - Computer - ', '2020-04-21 09:12:33'),
(790, '10.115.91.214, 147.92.137.165', 'Unknown Browser - Unknown OS Platform - Computer - ', '2020-04-27 07:26:34'),
(791, '10.115.91.214, 147.92.137.133', 'Unknown Browser - Unknown OS Platform - Computer - ', '2020-04-27 07:26:36'),
(792, '10.113.7.108, 147.92.137.139', 'Unknown Browser - Unknown OS Platform - Computer - ', '2020-04-27 16:35:52'),
(793, '10.113.7.108, 147.92.137.158', 'Unknown Browser - Unknown OS Platform - Computer - ', '2020-04-27 16:35:52'),
(794, '10.115.91.222, 147.92.137.177', 'Unknown Browser - Unknown OS Platform - Computer - ', '2020-04-27 16:35:53'),
(795, '10.113.7.108, 147.92.137.179', 'Unknown Browser - Unknown OS Platform - Computer - ', '2020-04-27 16:35:53'),
(796, '10.113.7.108, 147.92.137.153', 'Unknown Browser - Unknown OS Platform - Computer - ', '2020-04-27 16:35:53'),
(797, '10.115.91.222, 147.92.137.171', 'Unknown Browser - Unknown OS Platform - Computer - ', '2020-04-27 16:35:54'),
(798, '10.113.13.137, 147.92.137.165', 'Unknown Browser - Unknown OS Platform - Computer - ', '2020-04-29 12:03:15'),
(799, '10.113.13.137, 147.92.137.161', 'Unknown Browser - Unknown OS Platform - Computer - ', '2020-04-29 12:03:16'),
(800, '10.115.91.212, 147.92.137.168', 'Unknown Browser - Unknown OS Platform - Computer - ', '2020-04-29 12:03:25'),
(801, '10.115.91.212, 147.92.137.153', 'Unknown Browser - Unknown OS Platform - Computer - ', '2020-04-29 12:03:26'),
(802, '34.234.54.252', 'Chrome - Windows 10 - Computer - ', '2020-05-07 06:57:00'),
(803, '34.234.54.252', 'Handheld Browser - iPhone - Mobile - ', '2020-05-07 06:57:00'),
(804, '34.234.54.252', 'Chrome - Windows 10 - Computer - ', '2020-05-07 06:57:01'),
(805, '34.234.54.252', 'Chrome - Windows 10 - Computer - ', '2020-05-07 06:57:03'),
(806, '34.234.54.252', 'Chrome - Windows 10 - Computer - ', '2020-05-07 06:57:04'),
(807, '34.234.54.252', 'Chrome - Windows 10 - Computer - ', '2020-05-07 06:57:04'),
(808, '34.234.54.252', 'Chrome - Windows 10 - Computer - ', '2020-05-07 06:57:04'),
(809, '34.234.54.252', 'Chrome - Windows 10 - Computer - ', '2020-05-07 06:57:04'),
(810, '34.234.54.252', 'Chrome - Windows 10 - Computer - ', '2020-05-07 06:57:04'),
(811, '34.234.54.252', 'Chrome - Windows 10 - Computer - ', '2020-05-07 06:57:04'),
(812, '34.234.54.252', 'Chrome - Windows 10 - Computer - ', '2020-05-07 06:57:04'),
(813, '34.234.54.252', 'Chrome - Windows 10 - Computer - ', '2020-05-07 06:57:04'),
(814, '34.234.54.252', 'Chrome - Windows 10 - Computer - ', '2020-05-07 06:57:04'),
(815, '34.234.54.252', 'Chrome - Windows 10 - Computer - ', '2020-05-07 06:57:13'),
(816, '34.234.54.252', 'Chrome - Windows 10 - Computer - ', '2020-05-07 06:57:13'),
(817, '34.234.54.252', 'Chrome - Windows 10 - Computer - ', '2020-05-07 06:57:13'),
(818, '180.242.214.103', 'Chrome - Windows 10 - Computer - ', '2020-05-07 17:29:40'),
(819, '180.242.214.103', 'Chrome - Windows 10 - Computer - ', '2020-05-07 17:29:58'),
(820, '180.242.214.103', 'Chrome - Windows 10 - Computer - ', '2020-05-07 17:31:47'),
(821, '180.242.214.103', 'Chrome - Windows 10 - Computer - ', '2020-05-07 17:31:54'),
(822, '180.242.214.103', 'Chrome - Windows 10 - Computer - ', '2020-05-07 17:31:59'),
(823, '180.242.214.103', 'Chrome - Windows 10 - Computer - ', '2020-05-07 17:32:48');

-- --------------------------------------------------------

--
-- Table structure for table `matakuliah`
--

CREATE TABLE `matakuliah` (
  `id_mk` int(11) NOT NULL,
  `nama_mk` varchar(50) NOT NULL,
  `created_at` timestamp NOT NULL DEFAULT current_timestamp(),
  `updated_at` timestamp NULL DEFAULT NULL
) ENGINE=InnoDB DEFAULT CHARSET=utf8mb4;

--
-- Dumping data for table `matakuliah`
--

INSERT INTO `matakuliah` (`id_mk`, `nama_mk`, `created_at`, `updated_at`) VALUES
(1, 'Jarkom', '2020-03-22 13:35:52', NULL),
(2, 'Basis Data', '2020-03-22 13:35:52', NULL),
(3, 'PAA', '2020-03-22 17:06:45', NULL),
(4, 'Sistem Operasi', '2020-03-22 17:06:45', NULL),
(5, 'Bahasa Inggris Khusus', '2020-03-24 18:47:56', NULL),
(6, 'TBO', '2020-03-24 18:47:56', NULL),
(7, 'RPL', '2020-03-24 18:50:39', NULL),
(8, 'IMK', '2020-03-24 18:50:39', NULL);

-- --------------------------------------------------------

--
-- Table structure for table `soal`
--

CREATE TABLE `soal` (
  `id_soal` int(11) NOT NULL,
  `pertanyaan` text NOT NULL,
  `jawaban` text NOT NULL,
  `likes` int(11) NOT NULL DEFAULT 0,
  `dislikes` int(11) NOT NULL DEFAULT 0,
  `id_topik` int(11) NOT NULL,
  `ip` varchar(50) NOT NULL,
  `created_at` timestamp NOT NULL DEFAULT current_timestamp(),
  `updated_at` timestamp NULL DEFAULT NULL
) ENGINE=InnoDB DEFAULT CHARSET=utf8mb4;

--
-- Dumping data for table `soal`
--

INSERT INTO `soal` (`id_soal`, `pertanyaan`, `jawaban`, `likes`, `dislikes`, `id_topik`, `ip`, `created_at`, `updated_at`) VALUES
(1, 'Apa benar ip 192.168.22.13 termasuk dalam ip kelas C ?', 'BENAR', 4, 0, 1, 'UserInfo::get_ip();', '2020-03-22 16:46:43', NULL),
(2, 'Layer ke 7 dalam osi adalah ?', 'Application Layer', 5, 1, 1, 'UserInfo::get_ip();', '2020-03-22 17:05:40', NULL),
(4, 'manakah pernyataan berikut ini yang benar tentang TCP dan IP ?', 'IP : connectionless , TCP : conneciton oriented', 1, 0, 1, 'UserInfo::get_ip();', '2020-03-23 01:50:47', NULL),
(5, 'istilah jaringan mana yang menjelaskan proses pemecahan pesan panjang ke potongan-potongan kecil agar sesuai dengan ukuran frame?', 'segmentation', 1, 0, 1, 'UserInfo::get_ip();', '2020-03-23 01:55:22', NULL),
(6, 'lapisan-lapisan model osi yang memiliki fungsi2 yang sama dengan lapisan network access', 'physical dan datalink', 1, 0, 1, 'UserInfo::get_ip();', '2020-03-23 01:57:17', NULL),
(7, 'sekumpulan aturan khusus yang menentukan format pesan, proses enkapsulasi dan cara berkomunikasi yang digunakan untuk mentransfer data disebut?', 'protocol', 1, 0, 1, 'UserInfo::get_ip();', '2020-03-23 01:58:02', NULL),
(8, 'manakah diantara hal berikut ini yang merupakan fungsi dasar dari protokol ARP', 'me-resolve IPv4 Address ke MAC address', 1, 0, 1, 'UserInfo::get_ip();', '2020-03-23 02:01:11', NULL),
(9, 'manakah yang termasuk intermediary device ?', 'switch', 0, 0, 1, 'UserInfo::get_ip();', '2020-03-23 02:02:41', NULL),
(10, 'tiga lapisan osi yang membentuk lapisan application dari model TCP/ip', 'session,presentation,application', 0, 0, 1, 'UserInfo::get_ip();', '2020-03-23 02:03:31', NULL),
(11, 'protocol data unit pada layer network adalah', 'paket', 0, 0, 1, 'UserInfo::get_ip();', '2020-03-23 02:04:50', NULL),
(12, '1.	pernyataan benar mengidentifikasi peran perantara perangkat di jaringan? ', ' menentukan jalur untuk data ,retime dan memancarkan kembali sinyal data ,mengelola aliran data ', 0, 0, 1, 'UserInfo::get_ip();', '2020-03-23 02:05:57', NULL),
(13, 'Apa adalah fungsi utama dari informasi trailer yang ditambahkan oleh enkapsulasi lapisan data link? \n', ' mendukung deteksi kesalahan ', 0, 0, 1, 'UserInfo::get_ip();', '2020-03-23 02:06:10', NULL),
(14, 'Yang dua lapisan dari OSI model memiliki fungsi yang sama seperti model TCP/IP Layer akses jaringan?', 'fisik dan datalink', 0, 0, 1, 'UserInfo::get_ip();', '2020-03-23 02:06:26', NULL),
(15, 'Apakah PDU? ', 'enkapsulasi lapisan tertentu ', 0, 0, 1, 'UserInfo::get_ip();', '2020-03-23 02:06:35', NULL),
(16, 'Karakteristik yang benar mengacu pada akhir perangkat di jaringan? \n', 'mengelola aliran data ', 0, 0, 1, 'UserInfo::get_ip();', '2020-03-23 02:06:55', NULL),
(17, 'Tiga pernyataan yang terbaik menggambarkan Jaringan Area lokal (LAN)?', 'A LAN adalah biasanya di wilayah geografis yang tunggal. Jaringan dikelola oleh satu organisasi. ,A LAN menyediakan jaringan layanan dan akses ke aplikasi untuk pengguna dalam organisasi umum. ', 0, 0, 1, 'UserInfo::get_ip();', '2020-03-23 02:07:18', NULL),
(18, 'Apakah tujuan utama dari 4 lapisan port penetapan? ', 'untuk mengidentifikasi proses atau layanan yang berkomunikasi dalam perangkat akhir ', 0, 0, 1, 'UserInfo::get_ip();', '2020-03-23 02:07:29', NULL),
(19, 'Lapisan yang merangkum segmen ke paket? ', 'network', 0, 0, 1, 'UserInfo::get_ip();', '2020-03-23 02:07:44', NULL),
(20, '17.	Apa yang dapat diidentifikasi dengan memeriksa header lapisan jaringan? ', 'alamat host tujuan', 0, 0, 1, 'UserInfo::get_ip();', '2020-03-23 02:07:56', NULL),
(21, 'Selama proses enkapsulasi, apa yang terjadi pada data link layer? ', 'Alamat fisik ditambahkan. ', 0, 0, 1, 'UserInfo::get_ip();', '2020-03-23 02:09:13', NULL),
(22, 'apa itu tujuan dari lapisan akses jaringan TCP/IP', 'kontrol media jaringan', 0, 0, 1, 'UserInfo::get_ip();', '2020-03-23 02:09:39', NULL),
(23, 'Apa adalah urutan yang tepat dari lapisan dari model OSI dari lapisan tertinggi untuk lapisan terbawah? ', 'aplikasi, presentasi, sesi, transportasi, Jaringan, data link, fisik ', 0, 0, 1, 'UserInfo::get_ip();', '2020-03-23 02:09:58', NULL),
(24, 'Protokol lapisan aplikasi apa ini umumnya digunakan untuk dukungan untuk file transfer antara klien dan server? ', 'FTP', 0, 0, 1, 'UserInfo::get_ip();', '2020-03-23 02:10:09', NULL),
(25, 'Apa yang dua bentuk lapisan aplikasi?', 'aplikasi,layanan', 0, 0, 1, 'UserInfo::get_ip();', '2020-03-23 02:10:27', NULL),
(26, 'administrator jaringan merancang sebuah jaringan untuk kantor cabang baru dua puluh lima pengguna. Apakah keuntungan dari menggunakan model klien-server?', 'terpusat administrasi ,keamanan lebih mudah untuk menegakkan ', 0, 0, 1, 'UserInfo::get_ip();', '2020-03-23 02:10:50', NULL),
(27, 'Apakah tujuan dari data sumber di DNS', 'digunakan oleh server untuk menetapkan nama ', 0, 0, 1, 'UserInfo::get_ip();', '2020-03-23 02:11:00', NULL),
(28, 'Apakah layanan otomatis yang cocok nama sumber daya dengan alamat IP diperlukan? ', 'DNS', 0, 0, 1, 'UserInfo::get_ip();', '2020-03-23 02:11:17', NULL),
(30, 'Apa yang tiga properti aplikasi peer-to-peer', 'bertindak sebagai server maupun klien dalam komunikasi sama. , Hybrid mode termasuk direktori terpusat file. ,dapat digunakan di jaringan klien-server. ', 0, 0, 1, 'UserInfo::get_ip();', '2020-03-23 02:11:55', NULL),
(31, '	aplikasi lapisan protokol benar cocok sesuai fungsi?', 'HTTP transfer data dari web server untuk klien ,Telnet menyediakan koneksi virtual untuk akses remote ', 0, 0, 1, 'UserInfo::get_ip();', '2020-03-23 02:12:09', NULL),
(32, '9.	Komponen email yang digunakan untuk meneruskan pesan antara server?', 'mta,smtp', 0, 0, 1, 'UserInfo::get_ip();', '2020-03-23 02:12:21', NULL),
(33, '10.	Dibandingkan dengan SSH, apa adalah kelemahan utama dari telnet?', 'tidak mendukung enkripsi', 0, 0, 1, 'UserInfo::get_ip();', '2020-03-23 02:12:31', NULL),
(34, '11.	Pernyataan yang sudah benar mengenai peran MTA dalam menangani email?', 'menerima email dari klien MUA ,menggunakan SMTP email rute antara server   memberikan email ke pelanggan melalui protokol POP3 ', 0, 0, 1, 'UserInfo::get_ip();', '2020-03-23 02:12:47', NULL),
(35, '12.	Dua protokol yang digunakan untuk mengontrol transfer sumber daya web dari web server ke browser klien? ', 'http , https', 0, 0, 1, 'UserInfo::get_ip();', '2020-03-23 02:12:57', NULL),
(36, '13.	Jaringan rumah kecil telah diinstal untuk interkoneksi tiga komputer bersama-sama untuk game dan berbagi file. Sifat-sifat apa dua mewakili jenis jaringan', 'Keamanan sulit untuk menegakkan. ,Komputer yang menanggapi file sharing permintaan berfungsi sebagai server.', 0, 0, 1, 'UserInfo::get_ip();', '2020-03-23 02:13:11', NULL),
(37, '14.	yang lapisan dari OSI model pasokan layanan yang memungkinkan pengguna untuk antarmuka dengan jaringan? ', 'aplikasi ', 0, 0, 1, 'UserInfo::get_ip();', '2020-03-23 02:13:19', NULL),
(38, '16.	Apa yang dua karakteristik jaringan peer-to-peer?', 'desentralisasi sumber daya ,berbagi tanpa dedicated server sumber daya ', 0, 0, 1, 'UserInfo::get_ip();', '2020-03-23 02:13:34', NULL),
(39, '17.	Protokol lapisan aplikasi apa menjelaskan layanan yang digunakan untuk file sharing di jaringan Microsoft? ', 'smb', 1, 0, 1, 'UserInfo::get_ip();', '2020-03-23 02:13:42', NULL),
(40, '18.	Apa yang dua karakteristik klien dalam jaringan data? ', 'memulai pertukaran data , dapat meng-upload data ke server ', 0, 0, 1, 'UserInfo::get_ip();', '2020-03-23 02:13:55', NULL),
(41, 'Apakah peran lapisan aplikasi OSI? ', 'menyediakan antarmuka antara aplikasi pada kedua ujung dari jaringan ', 0, 0, 1, 'UserInfo::get_ip();', '2020-03-23 02:14:06', NULL),
(42, 'Apakah peran lapisan aplikasi OSI? ', 'menyediakan antarmuka antara aplikasi pada kedua ujung dari jaringan ', 0, 0, 1, 'UserInfo::get_ip();', '2020-03-23 02:14:11', NULL),
(43, 'Bagaimana Apakah aplikasi lapisan pada server biasanya proses beberapa klien permintaan untuk layanan? ', 'menggunakan dukungan dari bawah lapisan fungsi untuk membedakan antara koneksi ke Layanan', 0, 0, 1, 'UserInfo::get_ip();', '2020-03-23 02:15:07', NULL),
(44, '1.	apa mekanisme yang digunakan oleh TCP untuk menyediakan aliran kontrol segmen perjalanan dari sumber ke tujuan? ', 'ukuran jendela', 0, 0, 1, 'UserInfo::get_ip();', '2020-03-23 02:15:25', NULL),
(45, '2.	 berdasarkan header lapisan transport ditampilkan dalam diagram, yang pernyataan-pernyataan berikut menggambarkan sesi didirikan? ', 'Ini berisi permintaan Telnet. ,Ini adalah sebuah header TCP', 0, 0, 1, 'UserInfo::get_ip();', '2020-03-23 02:15:44', NULL),
(46, 'informasi ditemukan dalam informasi header TCP dan UDP? ', 'sumber dan tujuan', 0, 0, 1, 'UserInfo::get_ip();', '2020-03-23 02:15:54', NULL),
(47, 'protokol transport-layer menyediakan muktahir dan akan digunakan untuk aplikasi yang tidak memerlukan pengiriman data yang dapat diandalkan? ', 'udp', 0, 0, 1, 'UserInfo::get_ip();', '2020-03-23 02:16:02', NULL),
(48, '5.	Mengapa adalah Nomer-nomer port yang disertakan dalam header TCP segmen? ', '5.	Mengapa adalah Nomer-nomer port yang disertakan dalam header TCP segmen? ', 0, 0, 1, 'UserInfo::get_ip();', '2020-03-23 02:16:14', NULL),
(49, '6.	Tiga fitur yang memungkinkan TCP andal dan akurat melacak transmisi data dari sumber ke tujuan? ', 'aliran kontrol ,sesi pendirian ,penomoran dan sequencing ', 0, 0, 1, 'UserInfo::get_ip();', '2020-03-23 02:16:38', NULL),
(50, '7.	Yang merupakan karakteristik penting dari UDP? ', 'sedikit keterlambatan dalam pengiriman data ', 0, 0, 1, 'UserInfo::get_ip();', '2020-03-23 02:16:51', NULL),
(51, 'sedikit keterlambatan dalam pengiriman data ', 'low overhead,low overhead', 0, 0, 1, 'UserInfo::get_ip();', '2020-03-23 02:17:15', NULL),
(52, 'Mengapa aliran kontrol digunakan untuk TCP data transfer?', 'untuk mencegah Penerima sedang kewalahan oleh data masuk ', 0, 0, 1, 'UserInfo::get_ip();', '2020-03-23 02:17:56', NULL),
(53, 'untuk mencegah Penerima sedang kewalahan oleh data masuk ', 'untuk mencegah Penerima sedang kewalahan oleh data masuk ', 0, 0, 1, 'UserInfo::get_ip();', '2020-03-23 02:18:09', NULL),
(54, '13.	Dengan TCP/IP data enkapsulasi, yang berkisar dari nomor port mengidentifikasi semua well-known', '0 sampai 1023 ', 0, 0, 1, 'UserInfo::get_ip();', '2020-03-23 02:18:25', NULL),
(55, '14.	Selama sesi komunikasi TCP, jika paket-paket tiba ke tujuan dari urutan, apa yang akan terjadi ke pesan asli? ', 'Paket-paket akan dikirim dan dirakit kembali di tujuan. ', 0, 0, 1, 'UserInfo::get_ip();', '2020-03-23 02:18:40', NULL),
(57, '17.	yang terjadi selama transportasi lapisan tiga-cara jabat tangan? ', 'TCP menginisialisasi urutan nomor untuk sesi. ', 0, 0, 1, 'UserInfo::get_ip();', '2020-03-23 02:19:19', NULL),
(58, '18.	yang lapisan model OSI bertanggung jawab untuk mengatur aliran informasi dari sumber ke tujuan, andal dan akurat? ', 'transportasi ', 0, 0, 1, 'UserInfo::get_ip();', '2020-03-23 02:19:41', NULL),
(59, '19.	Setelah web browser membuat permintaan ke server web yang mendengarkan port standar, apa yang akan menjadi sumber nomor port di TCP header respon dari server? ', '80', 0, 0, 1, 'UserInfo::get_ip();', '2020-03-23 02:19:51', NULL),
(60, '21.	Apa secara dinamis dipilih oleh host sumber saat forwarding data? ', 'sumber port', 0, 0, 1, 'UserInfo::get_ip();', '2020-03-23 02:20:07', NULL),
(61, '1.	dalam lingkungan IPv4, informasi apa yang digunakan oleh router untuk paket data maju dari satu antarmuka router lain? \n\n', ' Alamat jaringan tujuan ', 0, 0, 1, 'UserInfo::get_ip();', '2020-03-23 02:20:23', NULL),
(62, '2.	Informasi apa yang ditambahkan selama enkapsulasi 3 Layer OSI? ', '2.	Informasi apa yang ditambahkan selama enkapsulasi 3 Layer OSI? ', 0, 0, 1, 'UserInfo::get_ip();', '2020-03-23 02:20:37', NULL),
(63, '2.	Informasi apa yang ditambahkan selama enkapsulasi 3 Layer OSI? ', 'sumber dan tujuan alamat IP', 0, 0, 1, 'UserInfo::get_ip();', '2020-03-23 02:20:48', NULL),
(64, '3.	Dalam sistem connectionless, pernyataan mana yang benar? ', 'Tujuan tidak dihubungi sebelum Paket dikirimkan. ', 0, 0, 1, 'UserInfo::get_ip();', '2020-03-23 02:21:00', NULL),
(65, '4.	 yang IP paket bidang akan mencegah endless loop? \n\n', 'time-to-live ', 0, 0, 1, 'UserInfo::get_ip();', '2020-03-23 02:21:17', NULL),
(66, 'Yang bagian alamat lapisan jaringan tidak router menggunakan untuk maju paket? ', 'Bagian jaringan ', 0, 0, 1, 'UserInfo::get_ip();', '2020-03-23 02:21:35', NULL),
(67, 'apa itu tujuan dari default gateway? ', 'mengidentifikasi perangkat yang memungkinkan jaringan komputer lokal untuk berkomunikasi dengan perangkat pada jaringan lain ', 0, 0, 1, 'UserInfo::get_ip();', '2020-03-23 02:21:48', NULL),
(68, '9.	Apa jenis routing menggunakan informasi yang secara manual masuk ke dalam tabel routing? ', 'statis', 0, 0, 1, 'UserInfo::get_ip();', '2020-03-23 02:22:07', NULL),
(69, 'Apakah faktor untuk mempertimbangkan ketika pengelompokan host ke jaringan Umum? ', 'tujuan ,lokasi geografis   kepemilikan ', 0, 0, 1, 'UserInfo::get_ip();', '2020-03-23 02:22:31', NULL),
(70, '12.	Apa adalah komponen dari sebuah entry tabel routing? ', '  Alamat hop berikutnya ', 0, 0, 1, 'UserInfo::get_ip();', '2020-03-23 02:22:50', NULL),
(71, '13.	Perangkat perantara yang dapat digunakan untuk menerapkan keamanan antara jaringan? (Memilih dua.) ', 'router & Firewall', 0, 0, 1, 'UserInfo::get_ip();', '2020-03-23 02:23:03', NULL),
(72, 'Protocol data unit pada layer network adalah', 'frame', 0, 2, 1, 'UserInfo::get_ip();', '2020-03-23 02:30:15', NULL),
(73, 'informasi apa yang dapat ditemukan di header TCP maupun UDP', 'source and destination', 0, 0, 1, 'UserInfo::get_ip();', '2020-03-23 02:31:08', NULL),
(74, 'administrator jaringan mengakses www.cisco.com. jika alamat ip web server diketikan pada browser, maka website dapat diakses. protokol mana yang terkait dengan permasalahan ini ? ', 'DNS', 0, 0, 1, 'UserInfo::get_ip();', '2020-03-23 02:32:46', NULL),
(75, 'Telnet menyediakan koneksi virtual untuk keperluan akses secara remote', 'benar', 0, 0, 1, 'UserInfo::get_ip();', '2020-03-23 02:39:59', NULL),
(76, 'POP menerima email dari client ke email server', 'benar', 0, 0, 1, 'UserInfo::get_ip();', '2020-03-23 02:40:14', NULL),
(78, 'Pada kabel UTP, pasangan kabel yang ada dililitkan membentuk heliks yang bertujuan untuk?', 'Melindungi sinyal dari interferensi', 0, 0, 1, 'UserInfo::get_ip();', '2020-03-23 03:17:12', NULL),
(79, 'Tipe kabel UTP yang digunakan untuk hubungin host dengan piranti jaringan seperti switch', 'Ethernet strainght-through', 0, 0, 1, 'UserInfo::get_ip();', '2020-03-23 03:17:31', NULL),
(80, 'Tipe kabel UTP yang digunakan untuk hubungin host dengan piranti jaringan seperti switch', 'Ethernet strainght-through', 0, 0, 1, 'UserInfo::get_ip();', '2020-03-23 03:17:32', NULL),
(81, 'Mengapa nomor port disertakan pada header dari segmen TCP?', 'untuk mengaktifkan sejumlah menerima untuk meneruskan data ke aplikasi yang sesuai', 0, 0, 1, 'UserInfo::get_ip();', '2020-03-23 03:20:30', NULL),
(82, 'Manakah diantara hal-hal berikut yang bukan merupakan karakteristik dari MAC Sub Layer?', 'c. Menangani komunikasi antara lapisan atas dan bawah', 0, 0, 1, 'UserInfo::get_ip();', '2020-03-23 03:26:32', NULL),
(83, 'Dalam sebuah jaringan, karakteristik end device manakah yang benar?', 'Sumber aliran data', 0, 0, 1, 'UserInfo::get_ip();', '2020-03-23 03:28:06', NULL),
(84, 'Teknologi WiFi yang memiliki maksimum speed 1,3 Gbps dan frekuensi 2,4 GHz dan 5GHz adalah ...', ' IEEE 802.11ac', 0, 0, 1, 'UserInfo::get_ip();', '2020-03-23 03:29:33', NULL),
(85, 'Alamat yang digunakan pada layer transport adalah.....', 'Port Number', 0, 0, 1, 'UserInfo::get_ip();', '2020-03-23 03:29:50', NULL),
(86, '7.	Jika default gateway dikonfigurasi secara salah pada host, apa ada pengaruhnya pada komunikasi', 'Host dapat berkomunikasi dengan host lain pada jaringan lokal, tetapi tidak dapat berkomunikasi dengan host pada rangkaian remote. ', 0, 0, 1, 'UserInfo::get_ip();', '2020-03-23 03:30:31', NULL),
(87, '7.	Jika default gateway dikonfigurasi secara salah pada host, apa ada pengaruhnya pada komunikasi', 'Host dapat berkomunikasi dengan host lain pada jaringan lokal, tetapi tidak dapat berkomunikasi dengan host pada rangkaian remote. ', 0, 0, 1, 'UserInfo::get_ip();', '2020-03-23 03:30:31', NULL),
(88, 'Jika alamat gateway default dikonfigurasi dengan benar, apakah dampatnya bagi komunikasi?', 'host dapat berkomunikasi dengan host-host lain pada jaringan lokal, tetapi tidak dapat berkomunikasi dengan host jaringan lain', 0, 0, 1, 'UserInfo::get_ip();', '2020-03-23 03:31:12', NULL),
(89, 'Jika alamat gateway default dikonfigurasi dengan benar, apakah dampatnya bagi komunikasi?', 'host dapat berkomunikasi dengan host-host lain pada jaringan lokal, tetapi tidak dapat berkomunikasi dengan host jaringan lain', 0, 0, 1, 'UserInfo::get_ip();', '2020-03-23 03:31:21', NULL),
(90, 'Administrator jaringan sedang merancang jaringan untuk kantor cabang baru yang memiliki 25 pengguna. Apakah keuntungan penerapan model jaringan client server pada kantor tersebut?', 'administrasi terpusat', 0, 0, 1, 'UserInfo::get_ip();', '2020-03-23 03:34:25', NULL),
(91, 'Media access control yang dipakai pada jaringan WiFi adalah ...', 'CSMA/CA', 0, 0, 1, 'UserInfo::get_ip();', '2020-03-23 03:36:27', NULL),
(92, 'Media access control yang dipakai pada jaringan WiFi adalah ...', 'csma/ca', 0, 0, 1, 'UserInfo::get_ip();', '2020-03-23 03:36:56', NULL),
(93, 'Jaringan yang spesifik digunakan untuk berbagi pakai sumber daya penyimpanan data adalah.....', 'Storage Area Network (SAN)', 0, 0, 1, 'UserInfo::get_ip();', '2020-03-23 03:38:42', NULL),
(94, 'Jaringan yang spesifik digunakan untuk berbagi pakai sumber daya penyimpanan data adalah.....', 'SAN', 0, 0, 1, 'UserInfo::get_ip();', '2020-03-23 03:38:47', NULL),
(98, 'Physical layer media yang berbasis kabel tembaga, sinyal data direpresentasikan dalam bentuk', 'Pulsa cahaya', 0, 0, 1, 'UserInfo::get_ip();', '2020-03-23 03:42:27', NULL),
(99, 'Tipe kabel UTP yang digunakan untuk menghubungkan dua devices yang sama ? ', 'cross over', 0, 0, 1, 'UserInfo::get_ip();', '2020-03-23 03:44:45', NULL),
(100, 'Manakah diantara hal-hal berikut yang bukan merupakan karakteristik dari MAC Sub Layer?', 'Bertanggung jawab untuk proses enkapsulasi data', 0, 0, 1, 'UserInfo::get_ip();', '2020-03-23 03:45:43', NULL),
(101, 'Manakah diantara hal berikut ini yang termasuk proses enkapsulasi data di MAC Sub Layer?', 'Pembatas bingkai, Addressing ,Deteksi kesalahan,Penggunaan frame membantu transmisi bit saat ditempatkan pada media dan dalam pengelompokan bit pada node penerima.', 0, 0, 1, 'UserInfo::get_ip();', '2020-03-23 03:47:15', NULL),
(102, 'Manchester Encoding merupakan teknik encoding frame pada physical access media', 'Kabel Fiber Optik', 0, 0, 1, 'UserInfo::get_ip();', '2020-03-23 03:58:30', NULL),
(103, 'Berikut ini termasuk hal-hal yang terkait dengan pengaturan message timing', 'Access Method , Flow Control,Response Timeout', 0, 0, 1, 'UserInfo::get_ip();', '2020-03-23 04:00:10', NULL),
(104, 'Protocol data unit pada layer transport yang digunakan untuk protokol UDP adalah ...', 'segmen', 0, 0, 1, 'UserInfo::get_ip();', '2020-03-23 04:04:31', NULL),
(105, 'Manakah diantara hal berikut ini yang bukan termasuk proses enkapsulasi data di MAC Sub Layer?', 'Media Recovery', 0, 0, 1, 'UserInfo::get_ip();', '2020-03-23 04:09:14', NULL),
(106, 'Bandwidth 1Gbps setara dengan .', '10^9 bps', 0, 0, 1, 'UserInfo::get_ip();', '2020-03-23 04:10:10', NULL),
(107, 'Manakah pernyataan berikut yang benar tentang TCP/IP?', 'Merupakan protocol pada layer network yang paling banyak digunakan', 0, 0, 1, 'UserInfo::get_ip();', '2020-03-23 04:11:03', NULL),
(108, 'Pengiriman pesan yang dilakukan dari satu host ke beberapa host disebut....', 'broadcast', 0, 0, 1, 'UserInfo::get_ip();', '2020-03-23 04:15:11', NULL),
(109, 'Bagian dari alamat lapis network yang dipergunakan oleh router untuk selama menentukan path?', 'alamat jaringan', 0, 0, 1, 'UserInfo::get_ip();', '2020-03-23 04:16:14', NULL),
(110, 'Teknologi Bluetooth merupakan teknologi stndar IEEE seri ...', '802.15', 0, 0, 1, 'UserInfo::get_ip();', '2020-03-23 04:17:12', NULL),
(111, 'Lapisan Model OSI manakah yang bertanggung jawab untuk end-to-end connections dan reliability?', 'transport', 0, 0, 1, 'UserInfo::get_ip();', '2020-03-23 04:18:04', NULL),
(112, 'Alamat yang digunakan pada layer transport adalah.....', 'port', 0, 0, 1, 'UserInfo::get_ip();', '2020-03-23 04:18:30', NULL),
(113, 'Alamat yang digunakan pada layer datalink adalah.....', 'mac address', 0, 0, 1, 'UserInfo::get_ip();', '2020-03-23 04:18:41', NULL),
(114, 'Berikut ini termasuk hal-hal yang terkait dengan pengaturan message timing, kecuali ...', 'Message size', 0, 0, 1, 'UserInfo::get_ip();', '2020-03-23 04:19:20', NULL),
(115, 'Manakah protokol pada lapisan aplikasi yang biasanya digunakan untuk mendukung proses pengiriman file antara client dan server?', 'ftp', 0, 0, 1, 'UserInfo::get_ip();', '2020-03-23 04:20:07', NULL),
(116, 'Manakah diantara hal berikut ini yang merupakan karakteristik dari Contention-based Access?', 'Host/Station bisa mengirim data setiap saat', 0, 0, 1, 'UserInfo::get_ip();', '2020-03-23 04:20:19', NULL),
(117, 'Berikut ini adalah kerugian penerapan model jaringan peer-to-peer, kecuali....', 'tidak dapat digunakan untuk sharing printer', 0, 0, 1, 'UserInfo::get_ip();', '2020-03-23 04:22:39', NULL),
(118, 'Ketika jaringan tujuan tidak terdaftar dalam tabel routing dari router, apakah aksi yang mungkin yang dikerjakan oleh router?', 'router membuang paket', 0, 0, 1, 'UserInfo::get_ip();', '2020-03-23 04:22:54', NULL),
(119, 'kepanjangan dari dbms', 'Database Management System', 0, 0, 2, 'UserInfo::get_ip();', '2020-03-23 04:24:54', NULL),
(120, 'test', 'test', 0, 0, 1, '-180.242.213.212', '2020-03-23 06:31:37', NULL),
(121, 'test', 'test', 0, 0, 4, ' - - 180.242.212.157', '2020-03-24 17:46:14', NULL),
(122, 'test', 'test', 0, 0, 5, ' - - 180.242.212.157', '2020-03-24 17:49:10', NULL),
(123, 'g', 'r', 0, 0, 1, ' - - 180.242.212.157', '2020-03-24 17:58:20', NULL),
(124, 'test', 'test', 0, 0, 4, ' -  - 180.242.212.157', '2020-03-24 18:00:02', NULL),
(125, '12312', '3232', 0, 0, 4, ' -  - 180.242.212.157', '2020-03-24 18:00:23', NULL),
(126, 'Dengan metode selection, berapa median dari data diatas dan berapa kali iterasi untuk mendapatkannya?\n\n8,9,4,5,16,3,2,14,11\n', '1 kali iterasi, median 8', 4, 0, 4, ' -  - 125.163.230.237', '2020-03-24 18:08:06', NULL),
(127, 'Terdapat beberapa item yang akan disimpan dalam sebuah kantung. Kantung ini maksimal dapat menampung 25 kg. Item yang akan disimpan adalah : A1(12kg, 8), A2(7kg, 5), A3(5kg 3), A4(6kg,5)\n\nManakah kombinasi yang menghasilkan keuntungan maksimum?\n\n\nSelect one:\na. A1, A2,A3\nb. A1, A2, A3, A4\nc. A1, A2\nd. A1, A2,A4', 'A1,A2,A4', 0, 0, 4, ' -  - 180.242.213.59', '2020-03-26 06:32:44', NULL),
(128, 'Terdapat beberapa persamaan linear sebagai berikut\n\n3a + 2b + c =5\n\n2a + b + 2c =1\n\n3a + b + 3c =5\n\n \n\nBerapakah a,b dan c?', 'A = 7.5 ,B=-7, C=-3.5', 0, 0, 4, ' -  - 180.242.213.59', '2020-03-26 06:41:07', NULL),
(129, 'Terdapat beberapa persamaan linear sebagai berikut\n\n7a + 2b + 5c =10\n\n2a + 3b + 2c =5\n\n3a + b + 5c =8\n\n \n\nBerapakah a,b dan c?', 'A = 17/48  B=7/12 C=61/48', 0, 0, 4, ' -  - 180.242.213.59', '2020-03-26 06:47:26', NULL),
(130, 'Berapa T(n) untuk fungsi berikut ini?\n\nfor i  1 to n-1 do\n\n     for j  i+1 to n do\n          for k  i to n+1 do\n                    A[j, k]  A[j, k] - A[i, k] * A[j, i] / A[i, i]', '5n3+3n2+3n+1', 0, 0, 4, ' -  - 114.125.124.167', '2020-03-26 07:42:56', NULL),
(131, 'Terdapat T(n)= 3 log8n+ log2log2log2n\n\nNotasi O(n) adalah', '3 log8n', 0, 0, 4, ' -  - 114.125.124.167', '2020-03-26 07:43:18', NULL);

-- --------------------------------------------------------

--
-- Table structure for table `topik`
--

CREATE TABLE `topik` (
  `id_topik` int(11) NOT NULL,
  `nama_topik` varchar(100) NOT NULL,
  `id_mk` int(11) NOT NULL,
  `created_at` timestamp NOT NULL DEFAULT current_timestamp(),
  `updated_at` timestamp NULL DEFAULT NULL
) ENGINE=InnoDB DEFAULT CHARSET=utf8mb4;

--
-- Dumping data for table `topik`
--

INSERT INTO `topik` (`id_topik`, `nama_topik`, `id_mk`, `created_at`, `updated_at`) VALUES
(1, 'UTS', 1, '2020-03-22 13:39:06', NULL),
(2, 'UTS', 2, '2020-03-22 13:39:06', NULL),
(3, 'UAS', 1, '2020-03-22 13:39:30', NULL),
(4, 'UTS', 3, '2020-03-22 17:07:45', NULL),
(5, 'UTS', 4, '2020-03-22 17:07:45', NULL),
(6, 'UTS', 6, '2020-03-24 18:48:30', NULL),
(7, 'UTS', 5, '2020-03-24 18:48:30', NULL),
(8, 'UTS', 7, '2020-03-24 18:51:35', NULL),
(9, 'UTS', 8, '2020-03-24 18:51:35', NULL);

--
-- Indexes for dumped tables
--

--
-- Indexes for table `log`
--
ALTER TABLE `log`
  ADD PRIMARY KEY (`id_log`);

--
-- Indexes for table `matakuliah`
--
ALTER TABLE `matakuliah`
  ADD PRIMARY KEY (`id_mk`);

--
-- Indexes for table `soal`
--
ALTER TABLE `soal`
  ADD PRIMARY KEY (`id_soal`);

--
-- Indexes for table `topik`
--
ALTER TABLE `topik`
  ADD PRIMARY KEY (`id_topik`);

--
-- AUTO_INCREMENT for dumped tables
--

--
-- AUTO_INCREMENT for table `log`
--
ALTER TABLE `log`
  MODIFY `id_log` int(11) NOT NULL AUTO_INCREMENT, AUTO_INCREMENT=824;

--
-- AUTO_INCREMENT for table `matakuliah`
--
ALTER TABLE `matakuliah`
  MODIFY `id_mk` int(11) NOT NULL AUTO_INCREMENT, AUTO_INCREMENT=9;

--
-- AUTO_INCREMENT for table `soal`
--
ALTER TABLE `soal`
  MODIFY `id_soal` int(11) NOT NULL AUTO_INCREMENT, AUTO_INCREMENT=132;

--
-- AUTO_INCREMENT for table `topik`
--
ALTER TABLE `topik`
  MODIFY `id_topik` int(11) NOT NULL AUTO_INCREMENT, AUTO_INCREMENT=10;
COMMIT;

/*!40101 SET CHARACTER_SET_CLIENT=@OLD_CHARACTER_SET_CLIENT */;
/*!40101 SET CHARACTER_SET_RESULTS=@OLD_CHARACTER_SET_RESULTS */;
/*!40101 SET COLLATION_CONNECTION=@OLD_COLLATION_CONNECTION */;
